,Year,Area Name,CCG Location,heathrow_distance,CCG_Poll_Map,Asthma Admissions Over 19yr,Asthma Admissions Under 19yr,CHD Admissions,COPD Admissions,Heart Failure Admissions,Pneumonia Admissions,Respiratory Admissions,Respiratory Tract Admissions 1yr,Respiratory Tract Admissions U1yr,Stroke Admissions,Stroke Atrial Fib Admissions,Nitrogen dioxide,Ozone,PM10,PM2.5,Sulphur dioxide
0,2004,NHS Berkshire West CCG,Outer Radius,49791.742289999995,Reading,,,552.864,,121.822,,,,,,,37.47514850070302,,20.18451078599468,,
1,2004,NHS Surrey Heath CCG,Outer Radius,23497.23959,Reading,,,787.1759646770533,,123.9072776636163,,,,,,,37.47514850070302,,20.18451078599468,,
2,2004,NHS Ealing CCG,Inner Radius,11465.530929999999,Ealing,,,1038.1473313180866,,204.36344730836637,,,,,,,57.882937645478684,33.992080422331036,23.33357630687781,15.391342273253395,10.043231944507776
3,2004,NHS East Berkshire CCG,Inner Radius,15803.713430000002,East Berkshire,,,828.13,,123.189,,,,,,,32.56806589466602,,23.849996292353744,,
4,2004,NHS Hammersmith And Fulham CCG,Outer Radius,16573.14549,Hammersmith and Fulham,,,626.1725866803523,,133.48126033036365,,,,,,,62.72035421442144,38.11402287048222,26.158032111111456,13.631647532641097,9.171104938437788
5,2004,NHS Hillingdon CCG,Inner Radius,7458.185529,Hillingdon,,,727.7665183883695,,166.42380385355366,,,,,,,44.52378546501192,,26.43231135727588,12.2483558106425,
6,2004,NHS Hounslow CCG,Inner Radius,5336.9847119999995,Hounslow,,,1107.2425977397834,,192.10363416755868,,,,,,,57.17140222562964,31.62842598790504,,,4.155740473629969
7,2004,NHS Kingston CCG,Outer Radius,14640.30942,South West London,,,911.645464790291,,142.32256372186836,,,,,,,32.17711972637567,44.607493596220664,22.974463454420327,,3.676629752496368
8,2004,NHS Merton CCG,Outer Radius,19616.70838,South West London,,,738.0994775031368,,180.86795031307767,,,,,,,32.17711972637567,44.607493596220664,22.974463454420327,,3.676629752496368
9,2004,NHS Richmond CCG,Outer Radius,11948.41495,South West London,,,701.88212280187,,159.72811359427135,,,,,,,32.17711972637567,44.607493596220664,22.974463454420327,,3.676629752496368
10,2004,NHS Sutton CCG,Outer Radius,23268.28951,South West London,,,832.102572078822,,201.9955747457026,,,,,,,32.17711972637567,44.607493596220664,22.974463454420327,,3.676629752496368
11,2004,NHS Wandsworth CCG,Outer Radius,17762.401869999998,South West London,,,754.7887744735767,,215.9861664966567,,,,,,,32.17711972637567,44.607493596220664,22.974463454420327,,3.676629752496368
12,2004,NHS North West Surrey CCG,Inner Radius,12083.80783,Surrey Heartlands,,,646.6378633391133,,150.86376155269633,,,,,,,33.70989968445995,,23.94585471211713,11.631702891569876,
13,2004,NHS Oxfordshire CCG,Outer Radius,66982.40789,Oxford,,,492.9682196848283,,134.95523695152903,,,,,,,,45.05988358988324,,,
14,2005,NHS Berkshire West CCG,Outer Radius,49791.742289999995,Reading,,,572.0790000000002,,124.288,,,,,,,40.04843776255631,,24.1617704490492,,
15,2005,NHS Surrey Heath CCG,Outer Radius,23497.23959,Reading,,,784.5787294605993,,117.45262862305314,,,,,,,40.04843776255631,,24.1617704490492,,
16,2005,NHS Buckinghamshire CCG,Inner Radius,38818.06153,Watford,,,748.26,,99.23,,,,,,,39.91325294937453,,20.767375200209635,,
17,2005,NHS Herts Valleys CCG,Outer Radius,29114.52213,Watford,,,762.7347514994326,,126.11438954449926,,,,,,,39.91325294937453,,20.767375200209635,,
18,2005,NHS Ealing CCG,Inner Radius,11465.530929999999,Ealing,,,1187.4520007765298,,181.205249235696,,,,,,,52.86297396999513,28.594453090607452,25.916646944624887,21.009842207540352,8.370424824312304
19,2005,NHS East Berkshire CCG,Inner Radius,15803.713430000002,East Berkshire,,,839.135,,160.47299999999996,,,,,,,37.418354508315105,,27.401398039196902,10.116928683719937,
20,2005,NHS Hammersmith And Fulham CCG,Outer Radius,16573.14549,Hammersmith and Fulham,,,656.5576895609403,,153.699645964903,,,,,,,53.207191299114015,,24.440794277892987,,
21,2005,NHS Hillingdon CCG,Inner Radius,7458.185529,Hillingdon,,,717.8187645016627,,171.12289824639402,,,,,,,42.36138838109276,,25.764295038622684,12.105307275202696,
22,2005,NHS Hounslow CCG,Inner Radius,5336.9847119999995,Hounslow,,,1014.3369173942419,,224.86292391895367,,,,,,,52.833258304670075,34.42601047706647,,,4.029333474825583
23,2005,NHS Kingston CCG,Outer Radius,14640.30942,South West London,,,988.611796182408,,202.72269807688568,,,,,,,32.569455642932425,44.13536145710839,23.207930104062257,,3.024966778016487
24,2005,NHS Merton CCG,Outer Radius,19616.70838,South West London,,,717.1429355706687,,151.556176348077,,,,,,,32.569455642932425,44.13536145710839,23.207930104062257,,3.024966778016487
25,2005,NHS Richmond CCG,Outer Radius,11948.41495,South West London,,,715.4206271581043,,148.25671788655464,,,,,,,32.569455642932425,44.13536145710839,23.207930104062257,,3.024966778016487
26,2005,NHS Sutton CCG,Outer Radius,23268.28951,South West London,,,786.6073734771802,,178.64449860108766,,,,,,,32.569455642932425,44.13536145710839,23.207930104062257,,3.024966778016487
27,2005,NHS Wandsworth CCG,Outer Radius,17762.401869999998,South West London,,,750.795397494299,,222.1242710299367,,,,,,,32.569455642932425,44.13536145710839,23.207930104062257,,3.024966778016487
28,2005,NHS North West Surrey CCG,Inner Radius,12083.80783,Surrey Heartlands,,,654.3314792370134,,135.80241974391336,,,,,,,37.54430589068009,,24.84438164817213,11.96573791453155,
29,2005,NHS Oxfordshire CCG,Outer Radius,66982.40789,Oxford,,,505.137720342339,,126.56135948864367,,,,,,,,31.307083207014557,,,
30,2006,NHS Berkshire West CCG,Outer Radius,49791.742289999995,Reading,,,474.358,,97.056,,,,,,,34.8793341504371,,22.670725605261307,,
31,2006,NHS Surrey Heath CCG,Outer Radius,23497.23959,Reading,,,650.2249368208,,110.21851684621633,,,,,,,34.8793341504371,,22.670725605261307,,
32,2006,NHS Buckinghamshire CCG,Inner Radius,38818.06153,Watford,,,736.253,,88.751,,,,,,,37.26001478305594,39.207048556135774,,,
33,2006,NHS Herts Valleys CCG,Outer Radius,29114.52213,Watford,,,700.383102331091,,105.76539057753916,,,,,,,37.26001478305594,39.207048556135774,,,
34,2006,NHS Ealing CCG,Inner Radius,11465.530929999999,Ealing,,,1254.3822259454585,,196.061368424316,,,,,,,55.03563466083658,32.52753876052576,25.443424688491117,18.450044804007803,6.206311289688668
35,2006,NHS East Berkshire CCG,Inner Radius,15803.713430000002,East Berkshire,,,806.318,,131.106,,,,,,,37.77894482729974,,23.056505102243104,8.211002494757558,
36,2006,NHS Hammersmith And Fulham CCG,Outer Radius,16573.14549,Hammersmith and Fulham,,,740.9674827153476,,177.43786785751635,,,,,,,77.52790708119498,,25.94131945884846,,
37,2006,NHS Hillingdon CCG,Inner Radius,7458.185529,Hillingdon,,,787.0614397764435,,138.38472449370371,,,,,,,43.41508920551854,,25.902121300103524,12.929494478950998,
38,2006,NHS Hounslow CCG,Inner Radius,5336.9847119999995,Hounslow,,,888.4295376153704,,118.92739021927467,,,,,,,49.38876599045588,41.626835958636,,,3.0333280360619397
39,2006,NHS Kingston CCG,Outer Radius,14640.30942,South West London,,,958.4887890067176,,178.047820300104,,,,,,,31.926839848196426,48.32330127199309,22.972399926988615,,3.4819578766882224
40,2006,NHS Merton CCG,Outer Radius,19616.70838,South West London,,,713.788187310483,,139.35998922595948,,,,,,,31.926839848196426,48.32330127199309,22.972399926988615,,3.4819578766882224
41,2006,NHS Richmond CCG,Outer Radius,11948.41495,South West London,,,619.4145202397823,,113.0601659899143,,,,,,,31.926839848196426,48.32330127199309,22.972399926988615,,3.4819578766882224
42,2006,NHS Sutton CCG,Outer Radius,23268.28951,South West London,,,762.5656814151922,,123.52025337318133,,,,,,,31.926839848196426,48.32330127199309,22.972399926988615,,3.4819578766882224
43,2006,NHS Wandsworth CCG,Outer Radius,17762.401869999998,South West London,,,735.06177597227,,190.9430662687273,,,,,,,31.926839848196426,48.32330127199309,22.972399926988615,,3.4819578766882224
44,2006,NHS North West Surrey CCG,Inner Radius,12083.80783,Surrey Heartlands,,,582.586142235384,,118.49721894586213,,,,,,,33.48376064701523,,26.49731334284727,12.237865972145533,
45,2006,NHS Oxfordshire CCG,Outer Radius,66982.40789,Oxford,,,515.1605478569164,,102.06820360144808,,,,,,,46.381033197232625,,21.503770010136947,,
46,2007,NHS Berkshire West CCG,Outer Radius,49791.742289999995,Reading,,,538.476,,94.584,,,,,,,44.46452230081054,,25.89585780679858,,
47,2007,NHS Surrey Heath CCG,Outer Radius,23497.23959,Reading,,,564.5527117110273,,107.59355916470493,,,,,,,44.46452230081054,,25.89585780679858,,
48,2007,NHS Buckinghamshire CCG,Inner Radius,38818.06153,Watford,,,737.982,,102.819,,,,,,,31.861290743592768,,19.256800017480685,9.268622047463213,
49,2007,NHS Herts Valleys CCG,Outer Radius,29114.52213,Watford,,,703.877059058852,,101.75759899701768,,,,,,,31.861290743592768,,19.256800017480685,9.268622047463213,
50,2007,NHS Ealing CCG,Inner Radius,11465.530929999999,Ealing,,,1419.746919485831,,189.980437229612,,,,,,,54.24769082229276,28.473890783182547,24.401768909306934,,6.530477737026353
51,2007,NHS East Berkshire CCG,Inner Radius,15803.713430000002,East Berkshire,,,805.508,,145.572,,,,,,,38.38131620975304,,39.66833846461614,10.1113342936477,
52,2007,NHS Hillingdon CCG,Inner Radius,7458.185529,Hillingdon,,,772.5076314066354,,127.43993011290202,,,,,,,43.447593285463974,,26.47356242129526,13.293053087253721,
53,2007,NHS Hounslow CCG,Inner Radius,5336.9847119999995,Hounslow,,,1034.9308492226726,,145.850112939198,,,,,,,49.49676611591748,31.76443718720892,,,2.6966763436472205
54,2007,NHS Kingston CCG,Outer Radius,14640.30942,South West London,,,942.4035644396627,,170.20524851010734,,,,,,,34.15358041700518,41.21480032007615,21.577788881129262,,3.7064433399577386
55,2007,NHS Merton CCG,Outer Radius,19616.70838,South West London,,,739.5667185811826,,158.73981104190932,,,,,,,34.15358041700518,41.21480032007615,21.577788881129262,,3.7064433399577386
56,2007,NHS Richmond CCG,Outer Radius,11948.41495,South West London,,,662.9631375574997,,135.123946744314,,,,,,,34.15358041700518,41.21480032007615,21.577788881129262,,3.7064433399577386
57,2007,NHS Sutton CCG,Outer Radius,23268.28951,South West London,,,723.3665939254984,,133.78743208662166,,,,,,,34.15358041700518,41.21480032007615,21.577788881129262,,3.7064433399577386
58,2007,NHS Wandsworth CCG,Outer Radius,17762.401869999998,South West London,,,775.7122365414112,,197.033024540208,,,,,,,34.15358041700518,41.21480032007615,21.577788881129262,,3.7064433399577386
59,2007,NHS North West Surrey CCG,Inner Radius,12083.80783,Surrey Heartlands,,,603.0494545283826,,127.98787840451365,,,,,,,37.56444489952767,,24.3427621319158,12.198261361930346,
60,2007,NHS Oxfordshire CCG,Outer Radius,66982.40789,Oxford,,,554.9792201014208,,118.04573802204077,,,,,,,48.11711951544367,42.65776532451993,21.789894201657372,,
61,2008,NHS Berkshire West CCG,Outer Radius,49791.742289999995,Reading,,,500.026,,107.249,,,,,,,34.552398818863864,,23.84608636197664,,
62,2008,NHS Surrey Heath CCG,Outer Radius,23497.23959,Reading,,,541.1954868341363,,82.15546907829484,,,,,,,34.552398818863864,,23.84608636197664,,
63,2008,NHS Buckinghamshire CCG,Inner Radius,38818.06153,Watford,,,643.779,,93.334,,,,,,,38.83654703549304,37.226716159353565,,,
64,2008,NHS Herts Valleys CCG,Outer Radius,29114.52213,Watford,,,611.5415468269897,,113.26750383497493,,,,,,,38.83654703549304,37.226716159353565,,,
65,2008,NHS Ealing CCG,Inner Radius,11465.530929999999,Ealing,,,1248.2754150244102,,210.198398020217,,,,,,,58.84837107652069,29.08530456902247,22.14147480833379,11.795320539967484,5.65665184406967
66,2008,NHS East Berkshire CCG,Inner Radius,15803.713430000002,East Berkshire,,,725.533,,140.468,,,,,,,37.39360419145877,,25.211123348414983,8.040837159745239,
67,2008,NHS Hammersmith And Fulham CCG,Outer Radius,16573.14549,Hammersmith and Fulham,,,513.7751865010883,,123.49550795677301,,,,,,,67.92887479582485,29.899648073988853,25.358285153705594,15.103699552241885,4.742114370779755
68,2008,NHS Hillingdon CCG,Inner Radius,7458.185529,Hillingdon,,,743.5942190002123,,114.86967398020182,,,,,,,41.98353462354277,,23.820121185762172,9.663251238082022,
69,2008,NHS Hounslow CCG,Inner Radius,5336.9847119999995,Hounslow,,,893.0030321152827,,148.34862444091232,,,,,,,50.79522351374721,36.52743372248239,,,2.80684266907085
70,2008,NHS Kingston CCG,Outer Radius,14640.30942,South West London,,,781.5169578127934,,142.59680806472264,,,,,,,32.64468201507018,45.1027968017699,20.151395679393723,20.059371980676328,
71,2008,NHS Merton CCG,Outer Radius,19616.70838,South West London,,,722.9792312230705,,160.17363535365234,,,,,,,32.64468201507018,45.1027968017699,20.151395679393723,20.059371980676328,
72,2008,NHS Richmond CCG,Outer Radius,11948.41495,South West London,,,588.7910000257134,,112.15448734907606,,,,,,,32.64468201507018,45.1027968017699,20.151395679393723,20.059371980676328,
73,2008,NHS Sutton CCG,Outer Radius,23268.28951,South West London,,,694.6756875543401,,118.68681329444667,,,,,,,32.64468201507018,45.1027968017699,20.151395679393723,20.059371980676328,
74,2008,NHS Wandsworth CCG,Outer Radius,17762.401869999998,South West London,,,716.3321438964471,,164.43666378807632,,,,,,,32.64468201507018,45.1027968017699,20.151395679393723,20.059371980676328,
75,2008,NHS North West Surrey CCG,Inner Radius,12083.80783,Surrey Heartlands,,,538.9459558930754,,111.23661977020299,,,,,,,34.80325162724035,,21.86015740421361,11.502066787841112,
76,2008,NHS Oxfordshire CCG,Outer Radius,66982.40789,Oxford,,,465.3070848261647,,112.16085295248081,,,,,,,,38.179497782741606,,,
77,2009,NHS Berkshire West CCG,Outer Radius,49791.742289999995,Reading,,,451.408,,113.84200000000001,,,,,,,41.903972897823465,,26.37960563275477,,
78,2009,NHS Surrey Heath CCG,Outer Radius,23497.23959,Reading,,,643.513454355319,,112.67655932945608,,,,,,,41.903972897823465,,26.37960563275477,,
79,2009,NHS Buckinghamshire CCG,Inner Radius,38818.06153,Watford,,,578.119,,81.709,,,,,,,32.86650528534358,,17.84202936610657,11.66990443562301,
80,2009,NHS Herts Valleys CCG,Outer Radius,29114.52213,Watford,,,570.2614894361408,,112.82225220607324,,,,,,,32.86650528534358,,17.84202936610657,11.66990443562301,
81,2009,NHS Ealing CCG,Inner Radius,11465.530929999999,Ealing,,,950.5336933634536,,164.38054110842464,,,,,,,56.8886387733401,25.856958735915406,22.76906732666252,11.207386516207693,10.177289388025422
82,2009,NHS East Berkshire CCG,Inner Radius,15803.713430000002,East Berkshire,,,739.576,,136.056,,,,,,,34.64011599805646,,27.864766646046956,9.241056124336303,
83,2009,NHS Hammersmith And Fulham CCG,Outer Radius,16573.14549,Hammersmith and Fulham,,,508.1128193004497,,146.7950945745,,,,,,,48.780859183521414,,23.00123109833219,,
84,2009,NHS Hillingdon CCG,Inner Radius,7458.185529,Hillingdon,,,588.4744082166457,,154.738297742939,,,,,,,43.668143552595566,,23.748885705232066,9.868445155877069,
85,2009,NHS Hounslow CCG,Inner Radius,5336.9847119999995,Hounslow,,,895.9422869788231,,173.88785784756365,,,,,,,49.28868693368281,34.44903615759541,,,7.971789457802901
86,2009,NHS Kingston CCG,Outer Radius,14640.30942,South West London,,,809.8198265553593,,156.38226549860366,,,,,,,32.07963126540219,43.13590402484978,20.70153171500894,13.321598309730414,
87,2009,NHS Merton CCG,Outer Radius,19616.70838,South West London,,,615.400739736018,,147.8942301763917,,,,,,,32.07963126540219,43.13590402484978,20.70153171500894,13.321598309730414,
88,2009,NHS Richmond CCG,Outer Radius,11948.41495,South West London,,,622.917229311688,,111.41889040586636,,,,,,,32.07963126540219,43.13590402484978,20.70153171500894,13.321598309730414,
89,2009,NHS Sutton CCG,Outer Radius,23268.28951,South West London,,,680.5803630814727,,137.2075286817153,,,,,,,32.07963126540219,43.13590402484978,20.70153171500894,13.321598309730414,
90,2009,NHS Wandsworth CCG,Outer Radius,17762.401869999998,South West London,,,647.6942114881716,,182.25886141578698,,,,,,,32.07963126540219,43.13590402484978,20.70153171500894,13.321598309730414,
91,2009,NHS North West Surrey CCG,Inner Radius,12083.80783,Surrey Heartlands,,,528.3015629412844,,117.02781894820701,,,,,,,33.448583081778445,,21.196503084942343,10.28665366634834,
92,2010,NHS Berkshire West CCG,Outer Radius,49791.742289999995,Reading,,,472.579,,101.781,,,,,,,49.55609982522126,,28.467016200892175,,
93,2010,NHS Surrey Heath CCG,Outer Radius,23497.23959,Reading,,,677.7690137341175,,75.90815448177655,,,,,,,49.55609982522126,,28.467016200892175,,
94,2010,NHS Buckinghamshire CCG,Inner Radius,38818.06153,Watford,,,560.97,,78.507,,,,,,,29.68044345982042,,19.135805909123732,7.877281834536983,
95,2010,NHS Herts Valleys CCG,Outer Radius,29114.52213,Watford,,,563.0117381440206,,97.29071286495291,,,,,,,29.68044345982042,,19.135805909123732,7.877281834536983,
96,2010,NHS Ealing CCG,Inner Radius,11465.530929999999,Ealing,,,931.6689775958827,,188.32532781137897,,,,,,,57.18230266491584,26.273895148700547,22.35832922493121,11.375742418228214,8.950074745199544
97,2010,NHS East Berkshire CCG,Inner Radius,15803.713430000002,East Berkshire,,,601.419,,122.463,,,,,,,35.734207306080094,,21.926850842498222,7.212730283467131,
98,2010,NHS Hammersmith And Fulham CCG,Outer Radius,16573.14549,Hammersmith and Fulham,,,509.17310918091334,,185.9349167022177,,,,,,,75.22731597975357,,29.674521108235247,,8.271812482762467
99,2010,NHS Hillingdon CCG,Inner Radius,7458.185529,Hillingdon,,,590.6746553831123,,140.4957891877227,,,,,,,42.322398716902576,,21.293749897463805,9.491281239409208,
100,2010,NHS Hounslow CCG,Inner Radius,5336.9847119999995,Hounslow,,,789.8897325388015,,146.3974716945837,,,,,,,43.58286132882462,48.70446493924756,,,0.8519104084321476
101,2010,NHS Kingston CCG,Outer Radius,14640.30942,South West London,,,784.3983278544052,,110.3914006585767,,,,,,,32.28260224442476,41.50953040772639,20.078349973785002,14.438372515811965,
102,2010,NHS Merton CCG,Outer Radius,19616.70838,South West London,,,668.5971326418777,,138.61543246669262,,,,,,,32.28260224442476,41.50953040772639,20.078349973785002,14.438372515811965,
103,2010,NHS Richmond CCG,Outer Radius,11948.41495,South West London,,,557.9663846491136,,126.29073366504501,,,,,,,32.28260224442476,41.50953040772639,20.078349973785002,14.438372515811965,
104,2010,NHS Sutton CCG,Outer Radius,23268.28951,South West London,,,657.8962426262254,,129.22610767679666,,,,,,,32.28260224442476,41.50953040772639,20.078349973785002,14.438372515811965,
105,2010,NHS Wandsworth CCG,Outer Radius,17762.401869999998,South West London,,,613.2857345468497,,169.46441237602468,,,,,,,32.28260224442476,41.50953040772639,20.078349973785002,14.438372515811965,
106,2010,NHS North West Surrey CCG,Inner Radius,12083.80783,Surrey Heartlands,,,479.18146188633,,110.10957699436135,,,,,,,37.10605464111031,,20.71528357798679,10.669508286826774,
107,2010,NHS Oxfordshire CCG,Outer Radius,66982.40789,Oxford,,,470.700257933408,,112.68406347097533,,,,,,,39.691510976416815,,17.388310856363844,,
108,2011,NHS Berkshire West CCG,Outer Radius,49791.742289999995,Reading,,,468.713,,96.958,,,,,,,40.95965484529365,,23.3452272437,,
109,2011,NHS Surrey Heath CCG,Outer Radius,23497.23959,Reading,,,740.4464169912934,,100.55233639718733,,,,,,,40.95965484529365,,23.3452272437,,
110,2011,NHS Ealing CCG,Inner Radius,11465.530929999999,Ealing,,,1036.9230181340163,,171.515970817701,,,,,,,50.39484565398761,28.222554258240905,23.629680687321052,13.148969639523106,4.750594092342187
111,2011,NHS East Berkshire CCG,Inner Radius,15803.713430000002,East Berkshire,,,555.815,,131.553,,,,,,,36.028527410673014,,30.240539557524375,11.023208946257276,
112,2011,NHS Hammersmith And Fulham CCG,Outer Radius,16573.14549,Hammersmith and Fulham,,,571.26199228247,,179.71442952103632,,,,,,,66.01722167284345,,30.662477352489034,,
113,2011,NHS Hillingdon CCG,Inner Radius,7458.185529,Hillingdon,,,657.0546125526253,,159.87968361716733,,,,,,,41.26007801121491,,24.918382843190855,11.23843413246185,
114,2011,NHS Hounslow CCG,Inner Radius,5336.9847119999995,Hounslow,,,878.0451266559413,,182.6127112602537,,,,,,,44.513516593846674,31.619417835477595,,,-0.019038912575752028
115,2011,NHS Kingston CCG,Outer Radius,14640.30942,South West London,,,700.2799003187689,,143.43380926297564,,,,,,,28.879385197631738,44.94307372023647,22.718132384860333,17.354287620645245,
116,2011,NHS Merton CCG,Outer Radius,19616.70838,South West London,,,557.7860658046344,,151.60502476701765,,,,,,,28.879385197631738,44.94307372023647,22.718132384860333,17.354287620645245,
117,2011,NHS Richmond CCG,Outer Radius,11948.41495,South West London,,,550.7578773960985,,118.56076657044001,,,,,,,28.879385197631738,44.94307372023647,22.718132384860333,17.354287620645245,
118,2011,NHS Sutton CCG,Outer Radius,23268.28951,South West London,,,605.283649197425,,104.5848284184237,,,,,,,28.879385197631738,44.94307372023647,22.718132384860333,17.354287620645245,
119,2011,NHS Wandsworth CCG,Outer Radius,17762.401869999998,South West London,,,592.9480862181496,,202.906387608907,,,,,,,28.879385197631738,44.94307372023647,22.718132384860333,17.354287620645245,
120,2011,NHS North West Surrey CCG,Inner Radius,12083.80783,Surrey Heartlands,,,488.43688917203735,,109.47022877661944,,,,,,,30.29160213560411,,23.913083472588305,10.439104380344425,
121,2011,NHS Oxfordshire CCG,Outer Radius,66982.40789,Oxford,,,463.5246553435893,,115.6027048672441,,,,,,,48.76680547781157,43.62949687037518,21.532282365253618,,
122,2012,NHS Berkshire West CCG,Outer Radius,49791.742289999995,Reading,,,437.455,,96.625,,,,,,,45.504355571990295,,26.22671748446989,,
123,2012,NHS Surrey Heath CCG,Outer Radius,23497.23959,Reading,,,728.939465322485,,103.54691679543168,,,,,,,45.504355571990295,,26.22671748446989,,
124,2012,NHS Buckinghamshire CCG,Inner Radius,38818.06153,Watford,,,440.501,,96.766,,,,,,,35.147554524912515,,21.838145406792478,,
125,2012,NHS Herts Valleys CCG,Outer Radius,29114.52213,Watford,,,492.8900405498526,,108.09958546342881,,,,,,,35.147554524912515,,21.838145406792478,,
126,2012,NHS Ealing CCG,Inner Radius,11465.530929999999,Ealing,,,939.7709297713308,,212.5412939683497,,,,,,,55.933676193527425,34.67911716417463,23.471718929788555,9.808660086371967,1.2119531815217388
127,2012,NHS East Berkshire CCG,Inner Radius,15803.713430000002,East Berkshire,,,574.79,,136.792,,,,,,,34.224927861323145,,23.303635589080503,9.03287353572447,
128,2012,NHS Hillingdon CCG,Inner Radius,7458.185529,Hillingdon,,,682.6463349459136,,158.57535454070933,,,,,,,41.39339736427314,,20.82588014409068,8.59516415766024,
129,2012,NHS Hounslow CCG,Inner Radius,5336.9847119999995,Hounslow,,,840.7900089817826,,151.83556745207167,,,,,,,44.751777206840124,31.53995588994994,,,2.173683352033509
130,2012,NHS Kingston CCG,Outer Radius,14640.30942,South West London,,,654.1674170995497,,135.45596229047035,,,,,,,32.36548537618226,40.2936849597165,19.472033955541168,13.552664502276757,
131,2012,NHS Merton CCG,Outer Radius,19616.70838,South West London,,,555.6153038930527,,143.71419126904598,,,,,,,32.36548537618226,40.2936849597165,19.472033955541168,13.552664502276757,
132,2012,NHS Richmond CCG,Outer Radius,11948.41495,South West London,,,521.3267623829387,,93.94550026127753,,,,,,,32.36548537618226,40.2936849597165,19.472033955541168,13.552664502276757,
133,2012,NHS Sutton CCG,Outer Radius,23268.28951,South West London,,,598.0803141252267,,119.43091736186976,,,,,,,32.36548537618226,40.2936849597165,19.472033955541168,13.552664502276757,
134,2012,NHS Wandsworth CCG,Outer Radius,17762.401869999998,South West London,,,587.2999505708909,,224.06453533471768,,,,,,,32.36548537618226,40.2936849597165,19.472033955541168,13.552664502276757,
135,2012,NHS North West Surrey CCG,Inner Radius,12083.80783,Surrey Heartlands,,,523.2874573752356,,119.60009590930024,,,,,,,30.631591406628257,,20.012126962137827,9.758064056670998,
136,2012,NHS Oxfordshire CCG,Outer Radius,66982.40789,Oxford,,,406.02729680501466,,100.62431743154082,,,,,,,53.634891719273426,39.945394476233226,23.0530261608342,,
137,2013,NHS Berkshire West CCG,Outer Radius,49791.742289999995,Reading,75.59,104.88,372.994,161.28,120.579,318.17,964.02,,394.26,,,48.407807833620204,,25.055306662364693,,
138,2013,NHS Surrey Heath CCG,Outer Radius,23497.23959,Reading,82.18,155.97333333333333,694.8580000000003,148.35,132.861,384.83,1021.37,,322.11333333333334,89.0,,48.407807833620204,,25.055306662364693,,
139,2013,NHS Ealing CCG,Inner Radius,11465.530929999999,Ealing,139.52,238.84333333333333,852.288,184.12,190.35,394.82,1185.42,,251.65666666666667,340.0,,51.82006763521714,35.00612546158585,25.208131518313756,9.885007293789224,
140,2013,NHS East Berkshire CCG,Inner Radius,15803.713430000002,East Berkshire,77.6,118.79666666666667,553.822,196.22,134.06,381.05,1146.73,,471.16333333333336,,,33.90456884493743,,22.190329520577137,8.848093391828135,
141,2013,NHS Hillingdon CCG,Inner Radius,7458.185529,Hillingdon,109.5,145.29333333333332,752.403,237.09,150.359,362.91,1156.15,,236.51333333333332,324.0,,39.89078003122446,,22.727336984614503,9.734342635001456,
142,2013,NHS Hounslow CCG,Inner Radius,5336.9847119999995,Hounslow,102.71,142.28,778.429,242.51,152.858,410.88,1164.0,,208.17666666666665,239.0,,48.00775854848623,34.60202533864623,,,1.6016065972828608
143,2013,NHS Kingston CCG,Outer Radius,14640.30942,South West London,48.36,116.43,564.7959999999998,136.47,147.888,402.67,940.69,,353.3866666666666,169.0,,28.02409971414673,46.69198316284394,21.258820343384826,16.836224555542348,
144,2013,NHS Merton CCG,Outer Radius,19616.70838,South West London,62.78,252.94333333333336,534.086,223.7,160.398,442.52,1212.95,,354.82,199.0,,28.02409971414673,46.69198316284394,21.258820343384826,16.836224555542348,
145,2013,NHS Richmond CCG,Outer Radius,11948.41495,South West London,35.68,76.66333333333334,446.004,118.93,87.411,334.03,816.28,,288.5033333333334,180.0,,28.02409971414673,46.69198316284394,21.258820343384826,16.836224555542348,
146,2013,NHS Sutton CCG,Outer Radius,23268.28951,South West London,77.91,185.65333333333334,560.5269999999998,204.88,144.82399999999996,453.71,1120.12,,329.94,253.0,,28.02409971414673,46.69198316284394,21.258820343384826,16.836224555542348,
147,2013,NHS Wandsworth CCG,Outer Radius,17762.401869999998,South West London,84.18,201.89000000000001,539.616,284.36,196.639,426.33,1285.15,,292.56,280.0,,28.02409971414673,46.69198316284394,21.258820343384826,16.836224555542348,
148,2013,NHS North West Surrey CCG,Inner Radius,12083.80783,Surrey Heartlands,65.1,165.80666666666667,533.53,134.95,113.84700000000001,396.79,997.16,,310.36333333333334,410.0,,34.378127915599855,,21.58523690779892,9.9703922743585,
149,2013,NHS Oxfordshire CCG,Outer Radius,66982.40789,Oxford,66.16,139.12,384.21,156.33,91.094,289.84,987.43,,413.6166666666666,708.0,,,37.376422800241784,,,
150,2014,NHS Berkshire West CCG,Outer Radius,49791.742289999995,Reading,81.26,140.76666666666665,355.15,164.84,110.89,402.14,1079.14,,386.4866666666667,,,45.41972101530901,,24.888907042281428,,
151,2014,NHS Surrey Heath CCG,Outer Radius,23497.23959,Reading,98.52,122.51999999999998,707.814,182.73,102.109,473.32,1205.69,,277.42333333333335,101.0,71.4,45.41972101530901,,24.888907042281428,,
152,2014,NHS Buckinghamshire CCG,Inner Radius,38818.06153,Watford,97.28,158.58,456.806,174.49,88.556,361.79,1207.74,,702.96,,,33.70004099844073,,21.123615861857893,,
153,2014,NHS Herts Valleys CCG,Outer Radius,29114.52213,Watford,94.97,135.5633333333333,448.288,164.63,148.634,417.15,1221.31,,357.8166666666666,646.0,51.9,33.70004099844073,,21.123615861857893,,
154,2014,NHS Ealing CCG,Inner Radius,11465.530929999999,Ealing,142.95,193.4766666666667,873.883,223.79,179.22799999999995,473.91,1378.73,,255.36,330.0,61.8,48.73111183101688,36.15235679691407,20.096599504327465,11.0727294379344,
155,2014,NHS East Berkshire CCG,Inner Radius,15803.713430000002,East Berkshire,102.05,176.16666666666666,552.258,226.74,172.30599999999995,451.02,1384.74,,519.6166666666667,,,34.1878570327283,,19.033874080234835,7.685846437182931,
156,2014,NHS Hammersmith And Fulham CCG,Outer Radius,16573.14549,Hammersmith and Fulham,149.97,118.86333333333333,467.7,366.42,216.67,523.54,1480.78,,246.63,144.0,43.5,43.33727392818086,,36.718460602327845,,
157,2014,NHS Hillingdon CCG,Inner Radius,7458.185529,Hillingdon,132.98,199.17666666666665,633.49,250.87,182.484,468.33,1394.05,,292.8,308.0,55.6,40.06166650437836,,21.32522857788094,8.845459043264858,
158,2014,NHS Hounslow CCG,Inner Radius,5336.9847119999995,Hounslow,98.75,147.84333333333333,818.89,278.91,194.50599999999997,418.95,1315.21,,324.2133333333333,214.0,55.6,44.91178243490026,34.73975631668715,,,1.858234573189595
159,2014,NHS Kingston CCG,Outer Radius,14640.30942,South West London,53.85,214.73333333333335,592.752,125.66,150.808,460.33,1046.46,,310.96000000000004,156.0,70.0,29.834611262268897,46.11839982150023,17.8348666324337,,
160,2014,NHS Merton CCG,Outer Radius,19616.70838,South West London,108.15,233.43999999999997,608.053,211.04,165.899,463.69,1274.27,,282.91,190.0,55.0,29.834611262268897,46.11839982150023,17.8348666324337,,
161,2014,NHS Richmond CCG,Outer Radius,11948.41495,South West London,45.63,107.01666666666667,456.501,134.7,114.961,375.04,969.1,,380.25,182.0,63.4,29.834611262268897,46.11839982150023,17.8348666324337,,
162,2014,NHS Sutton CCG,Outer Radius,23268.28951,South West London,94.67,170.48666666666668,552.856,222.76,137.69799999999998,487.5,1216.42,,433.41333333333336,241.0,51.5,29.834611262268897,46.11839982150023,17.8348666324337,,
163,2014,NHS Wandsworth CCG,Outer Radius,17762.401869999998,South West London,103.58,167.32000000000002,559.692,300.27,185.71599999999998,449.37,1347.71,,318.50666666666666,229.0,57.9,29.834611262268897,46.11839982150023,17.8348666324337,,
164,2014,NHS North West Surrey CCG,Inner Radius,12083.80783,Surrey Heartlands,69.17,200.5533333333333,495.695,159.19,124.24700000000001,461.08,1116.06,,344.4533333333333,410.0,66.7,32.61005279116354,,17.701809765468372,10.016992674593206,
165,2015,NHS Berkshire West CCG,Outer Radius,49791.742289999995,Reading,82.06,162.39333333333332,375.80400000000003,172.36,128.411,422.41,1156.19,70.47333333333333,535.8633333333333,,,51.76623896534258,,32.34738042140279,,
166,2015,NHS Surrey Heath CCG,Outer Radius,23497.23959,Reading,74.1,119.72999999999999,645.939,133.84,105.53399999999999,444.13,1205.85,,494.22666666666663,105.0,50.0,51.76623896534258,,32.34738042140279,,
167,2015,NHS Buckinghamshire CCG,Inner Radius,38818.06153,Watford,63.76,123.63999999999999,415.695,150.53,110.78200000000001,339.25,1160.93,91.65333333333335,835.0733333333334,,,38.8115406411277,35.039582271301235,22.73705045539036,,
168,2015,NHS Herts Valleys CCG,Outer Radius,29114.52213,Watford,95.78,128.95000000000002,481.49800000000016,152.78,154.553,411.46,1171.53,81.48333333333333,406.21666666666664,791.0,48.3,38.8115406411277,35.039582271301235,22.73705045539036,,
169,2015,NHS Ealing CCG,Inner Radius,11465.530929999999,Ealing,140.65,205.60666666666665,831.934,228.08,210.533,466.29,1398.42,63.343333333333334,315.79333333333335,382.0,57.9,57.43133182161743,36.43666549734984,22.298301598920983,11.516187591693607,
170,2015,NHS East Berkshire CCG,Inner Radius,15803.713430000002,East Berkshire,77.06,141.72333333333333,485.44699999999995,201.65,199.63299999999998,449.89,1355.71,59.50333333333333,557.4366666666667,,,31.191648440520854,,16.242081721730372,6.439087096655965,
171,2015,NHS Hammersmith And Fulham CCG,Outer Radius,16573.14549,Hammersmith and Fulham,125.87,117.44666666666666,470.295,444.74,232.9,485.17,1546.66,85.70666666666666,357.34,162.0,37.0,50.33713471889953,,20.22278196785961,,
172,2015,NHS Hillingdon CCG,Inner Radius,7458.185529,Hillingdon,93.14,167.71333333333334,640.515,251.13,168.965,534.73,1458.42,109.74000000000001,396.75666666666666,295.0,69.5,38.133528245257864,,18.931073294295036,8.040034847403998,
173,2015,NHS Hounslow CCG,Inner Radius,5336.9847119999995,Hounslow,137.71,136.79333333333332,814.319,266.74,212.773,453.83,1433.49,58.339999999999996,610.5533333333333,251.0,41.7,41.635070595937705,36.509611695960714,,,1.491848415887222
174,2015,NHS Kingston CCG,Outer Radius,14640.30942,South West London,53.96,145.67333333333332,557.634,148.73,117.15299999999999,464.42,1136.3,72.77999999999999,647.9133333333333,188.0,52.6,25.246491623993688,49.47007436261727,15.319123276775201,,
175,2015,NHS Merton CCG,Outer Radius,19616.70838,South West London,102.64,193.49666666666667,477.74699999999996,223.1,178.649,423.89,1281.81,102.75333333333333,417.3433333333333,178.0,51.3,25.246491623993688,49.47007436261727,15.319123276775201,,
176,2015,NHS Richmond CCG,Outer Radius,11948.41495,South West London,61.4,136.65,432.871,133.25,102.69,397.07,1084.08,84.35666666666667,610.9666666666667,190.0,48.9,25.246491623993688,49.47007436261727,15.319123276775201,,
177,2015,NHS Sutton CCG,Outer Radius,23268.28951,South West London,95.44,109.99000000000001,578.826,213.83,133.74,473.66,1200.2,138.74,486.3333333333333,224.0,57.6,25.246491623993688,49.47007436261727,15.319123276775201,,
178,2015,NHS Wandsworth CCG,Outer Radius,17762.401869999998,South West London,95.21,127.67000000000002,494.214,271.66,198.227,412.84,1300.96,106.34333333333332,405.7933333333333,268.0,53.6,25.246491623993688,49.47007436261727,15.319123276775201,,
179,2015,NHS North West Surrey CCG,Inner Radius,12083.80783,Surrey Heartlands,57.6,170.65666666666667,523.515,161.26,128.208,434.77,1092.28,62.46333333333333,359.5233333333333,464.0,42.3,27.40904354395405,,13.508984649322036,9.028487017688665,
180,2016,NHS Berkshire West CCG,Outer Radius,49791.742289999995,Reading,83.9,137.70000000000002,358.093,200.8,132.905,462.66,1234.87,87.42,460.7166666666667,,,40.093421223045,,25.38140662948277,,
181,2016,NHS Surrey Heath CCG,Outer Radius,23497.23959,Reading,76.3,153.63,596.06,183.75,103.546,571.32,1334.81,,347.4166666666667,89.0,28.6,40.093421223045,,25.38140662948277,,
182,2016,NHS Buckinghamshire CCG,Inner Radius,38818.06153,Watford,70.02,141.59333333333333,440.712,148.56,112.15799999999999,420.51,1251.9,76.23333333333333,1014.4399999999999,,,,,24.798499136129166,,
183,2016,NHS Herts Valleys CCG,Outer Radius,29114.52213,Watford,99.37,138.02666666666667,505.173,173.25,161.707,462.16,1255.93,100.88333333333333,481.52333333333337,736.0,33.8,,,24.798499136129166,,
184,2016,NHS Ealing CCG,Inner Radius,11465.530929999999,Ealing,147.82,148.28,769.455,208.72,229.199,575.78,1431.71,80.45,400.81333333333333,339.0,63.6,56.98691878740693,25.474152967171715,22.00869291973082,12.924810606060607,
185,2016,NHS East Berkshire CCG,Inner Radius,15803.713430000002,East Berkshire,117.37,163.02,576.8290000000002,227.34,229.06599999999997,465.33,1495.41,70.42333333333333,674.7299999999999,,,33.08942676359658,,15.282021490711633,5.721706686906419,
186,2016,NHS Hammersmith And Fulham CCG,Outer Radius,16573.14549,Hammersmith and Fulham,112.2,116.68,406.275,387.09,227.563,603.57,1625.55,117.86333333333333,388.85666666666674,117.0,52.4,82.20352059543615,,30.58967758168407,,
187,2016,NHS Hillingdon CCG,Inner Radius,7458.185529,Hillingdon,94.93,165.02333333333334,721.185,231.8,160.373,496.72,1409.11,71.36000000000001,353.8966666666667,336.0,55.9,39.215095752580055,,19.543862062638652,8.32646681812866,
188,2016,NHS Hounslow CCG,Inner Radius,5336.9847119999995,Hounslow,134.71,171.85333333333332,777.806,276.53,224.271,533.98,1578.1,75.49333333333334,609.4633333333335,224.0,53.1,43.95647106732182,31.746313582504825,,,1.5317856937154868
189,2016,NHS Kingston CCG,Outer Radius,14640.30942,South West London,84.57,154.94000000000003,521.582,152.18,172.315,494.28,1254.75,98.55,585.68,157.0,33.3,31.37779233498577,45.56931440687025,18.424105803804512,,
190,2016,NHS Merton CCG,Outer Radius,19616.70838,South West London,101.38,196.63333333333333,477.36800000000005,212.39,196.512,472.84,1390.02,158.74333333333334,446.44000000000005,209.0,52.9,31.37779233498577,45.56931440687025,18.424105803804512,,
191,2016,NHS Richmond CCG,Outer Radius,11948.41495,South West London,60.18,123.92666666666666,444.983,161.2,134.215,453.6,1204.08,112.19000000000001,618.16,177.0,50.0,31.37779233498577,45.56931440687025,18.424105803804512,,
192,2016,NHS Sutton CCG,Outer Radius,23268.28951,South West London,97.27,145.49333333333334,590.399,220.53,142.363,492.01,1312.27,135.63333333333333,513.1966666666667,244.0,48.3,31.37779233498577,45.56931440687025,18.424105803804512,,
193,2016,NHS Wandsworth CCG,Outer Radius,17762.401869999998,South West London,113.05,156.27,446.284,244.18,217.208,445.6,1418.46,158.30666666666667,498.3733333333333,254.0,48.1,31.37779233498577,45.56931440687025,18.424105803804512,,
194,2016,NHS North West Surrey CCG,Inner Radius,12083.80783,Surrey Heartlands,65.58,184.5,520.986,192.85,139.35,509.71,1257.73,97.51333333333332,431.2966666666667,388.0,29.7,31.474620026768022,,14.579729099048047,9.498990713930988,
195,2016,NHS Oxfordshire CCG,Outer Radius,66982.40789,Oxford,66.92,166.27333333333334,350.921,164.67,122.949,507.59,1299.05,103.06333333333333,569.35,642.0,40.7,57.546824054669095,,24.368500458682355,,
196,2017,NHS Berkshire West CCG,Outer Radius,49791.742289999995,Reading,84.85,130.66333333333333,323.135,176.48,108.295,416.39,1230.31,101.94333333333333,483.2866666666667,,,57.17025323996913,,32.73291907772086,,
197,2017,NHS Surrey Heath CCG,Outer Radius,23497.23959,Reading,74.8,103.58333333333333,503.606,155.53,111.788,497.6,1284.97,130.77,473.32333333333327,116.0,38.1,57.17025323996913,,32.73291907772086,,
198,2017,NHS Ealing CCG,Inner Radius,11465.530929999999,Ealing,167.12,166.87,717.303,203.1,217.7,539.9,1444.63,65.56333333333333,400.48333333333335,419.0,46.2,54.55960137601156,,25.72653672641189,,
199,2017,NHS East Berkshire CCG,Inner Radius,15803.713430000002,East Berkshire,91.59,202.06333333333336,553.992,186.15,162.965,459.12,1508.43,73.05333333333333,743.8566666666667,,,33.94460608087713,,17.412888908578026,6.64724855289963,
200,2017,NHS Hammersmith And Fulham CCG,Outer Radius,16573.14549,Hammersmith and Fulham,107.57,180.59333333333333,423.788,311.69,228.94400000000002,545.2,1428.08,128.40333333333334,334.02,142.0,35.3,83.22557571369289,,30.188317537016243,,6.0460267731180295
201,2017,NHS Hillingdon CCG,Inner Radius,7458.185529,Hillingdon,118.38,177.34666666666666,693.303,231.9,204.834,487.8,1388.93,57.59,360.68666666666667,362.0,47.3,38.54488049670582,,18.347888394330116,8.088831218252126,
202,2017,NHS Hounslow CCG,Inner Radius,5336.9847119999995,Hounslow,138.51,154.85333333333332,706.576,262.59,234.55599999999998,443.52,1453.29,70.85666666666667,444.66,255.0,42.1,42.94356382930549,31.39444948514381,,,1.0608677094868952
203,2017,NHS Kingston CCG,Outer Radius,14640.30942,South West London,65.99,193.67999999999998,622.2180000000002,139.04,205.764,550.1,1435.78,133.17666666666665,760.3933333333333,162.0,31.3,29.553676220533347,43.24416341547551,18.097912284766306,,
204,2017,NHS Merton CCG,Outer Radius,19616.70838,South West London,85.6,164.21333333333334,459.119,215.37,187.905,460.18,1415.47,142.95333333333335,553.7233333333334,219.0,39.0,29.553676220533347,43.24416341547551,18.097912284766306,,
205,2017,NHS Richmond CCG,Outer Radius,11948.41495,South West London,72.45,152.04,430.45300000000003,155.23,145.588,444.37,1222.15,131.37333333333333,505.9533333333333,144.0,33.3,29.553676220533347,43.24416341547551,18.097912284766306,,
206,2017,NHS Sutton CCG,Outer Radius,23268.28951,South West London,119.72,145.04666666666665,496.059,240.42,150.028,504.3,1401.12,117.04333333333334,374.53999999999996,222.0,41.4,29.553676220533347,43.24416341547551,18.097912284766306,,
207,2017,NHS Wandsworth CCG,Outer Radius,17762.401869999998,South West London,98.07,140.77,457.509,241.28,219.358,447.65,1481.6,196.75666666666666,476.8866666666667,243.0,41.0,29.553676220533347,43.24416341547551,18.097912284766306,,
208,2017,NHS North West Surrey CCG,Inner Radius,12083.80783,Surrey Heartlands,55.66,162.91,483.316,149.48,130.347,485.43,1171.51,70.25666666666666,418.83,444.0,28.4,29.0699350087836,,13.704658663068079,8.667444291788236,
209,2017,NHS Oxfordshire CCG,Outer Radius,66982.40789,Oxford,73.09,163.63000000000002,344.934,167.1,144.99200000000005,437.65,1320.87,89.34666666666665,612.9466666666667,654.0,47.9,49.750088409337216,43.74854854168189,21.257630492443553,,
210,2018,NHS Berkshire West CCG,Outer Radius,49791.742289999995,Reading,72.82,130.69,306.72,178.84,102.62,366.0,1139.2,96.77666666666669,542.2066666666667,619.0,34.7,46.589464458845235,,28.09257186365337,,
211,2018,NHS Surrey Heath CCG,Outer Radius,23497.23959,Reading,79.1,82.68,457.9,170.8,103.76,480.49,1235.11,172.92,523.39,106.0,25.0,46.589464458845235,,28.09257186365337,,
212,2018,NHS Ealing CCG,Inner Radius,11465.530929999999,Ealing,152.31,162.39,731.33,170.1,214.29,514.54,1407.0,94.60333333333334,471.78666666666663,389.0,41.3,50.027932519595005,,24.810243239771193,,
213,2018,NHS East Berkshire CCG,Inner Radius,15803.713430000002,East Berkshire,114.44,152.1966666666667,504.5,167.72,170.67,485.91,1545.38,96.71333333333332,812.4966666666666,476.0,32.9,33.03361569192257,,17.52200363008815,6.40051623012495,
214,2018,NHS Hammersmith And Fulham CCG,Outer Radius,16573.14549,Hammersmith and Fulham,98.56,163.76333333333332,376.2,319.27,246.66,576.48,1549.62,165.87,473.43666666666667,198.0,41.0,39.172744241901576,,22.46046170984012,,
215,2018,NHS Hillingdon CCG,Inner Radius,7458.185529,Hillingdon,120.61,225.26333333333332,697.13,220.52,180.13,539.51,1443.21,92.96333333333332,410.50666666666666,331.0,52.5,34.64942881641135,,18.876481195582745,7.8786129109688785,
216,2018,NHS Hounslow CCG,Inner Radius,5336.9847119999995,Hounslow,134.57,168.14666666666668,724.15,232.78,223.16,459.97,1513.96,118.31333333333333,569.3533333333334,248.0,40.0,36.222803639731026,36.821549241524295,,,1.206037225908149
217,2018,NHS Kingston CCG,Outer Radius,14640.30942,South West London,68.04,228.47666666666666,547.84,176.61,189.96,545.06,1590.9,221.1,921.8066666666667,139.0,53.8,28.607941042570275,46.12120574677392,17.52202369180437,,
218,2018,NHS Merton CCG,Outer Radius,19616.70838,South West London,93.74,193.96333333333334,465.47,216.2,183.72,450.49,1437.67,283.8866666666666,542.1566666666666,239.0,20.5,28.607941042570275,46.12120574677392,17.52202369180437,,
219,2018,NHS Richmond CCG,Outer Radius,11948.41495,South West London,78.49,120.42333333333333,460.48,156.01,152.66,406.7,1253.23,174.55999999999997,766.96,197.0,34.8,28.607941042570275,46.12120574677392,17.52202369180437,,
220,2018,NHS Sutton CCG,Outer Radius,23268.28951,South West London,101.75,199.11333333333332,507.78,248.35,174.26,477.87,1414.01,134.54,582.0533333333334,232.0,27.8,28.607941042570275,46.12120574677392,17.52202369180437,,
221,2018,NHS Wandsworth CCG,Outer Radius,17762.401869999998,South West London,94.09,179.07000000000002,439.72,259.4,235.68,461.51,1507.03,263.25,569.4599999999999,268.0,40.5,28.607941042570275,46.12120574677392,17.52202369180437,,
222,2018,NHS North West Surrey CCG,Inner Radius,12083.80783,Surrey Heartlands,55.4,153.61333333333334,452.25,145.66,138.24,488.23,1204.16,89.03000000000002,494.9166666666667,462.0,30.2,30.263543839748852,,14.84923063269029,9.386404953341973,
223,2018,NHS Oxfordshire CCG,Outer Radius,66982.40789,Oxford,71.18,118.20666666666666,367.46,156.98,155.15,472.37,1355.67,150.38666666666666,774.6566666666668,676.0,34.9,,36.662562032324495,,,
224,2019,NHS Berkshire West CCG,Outer Radius,49791.742289999995,Reading,,,303.32,,134.01,,,,,,,43.262626984197986,,26.038362900980605,,
225,2019,NHS Surrey Heath CCG,Outer Radius,23497.23959,Reading,,,417.04,,125.17,,,,,,,43.262626984197986,,26.038362900980605,,
226,2019,NHS Buckinghamshire CCG,Inner Radius,38818.06153,Watford,,,432.11,,139.81,,,,,,,35.79176019233154,43.26305339279386,,,
227,2019,NHS Herts Valleys CCG,Outer Radius,29114.52213,Watford,,,453.14,,166.81,,,,,,,35.79176019233154,43.26305339279386,,,
228,2019,NHS Ealing CCG,Inner Radius,11465.530929999999,Ealing,,,663.66,,238.12,,,,,,,46.56658076254766,,22.534795186299238,,
229,2019,NHS East Berkshire CCG,Inner Radius,15803.713430000002,East Berkshire,,,464.52,,187.1,,,,,,,32.06243767407193,,17.737270440184556,6.671495808328704,
230,2019,NHS Hillingdon CCG,Inner Radius,7458.185529,Hillingdon,,,630.92,,192.48,,,,,,,35.369661686294464,,17.166189885552562,7.945292151259445,
231,2019,NHS Hounslow CCG,Inner Radius,5336.9847119999995,Hounslow,,,666.79,,219.9,,,,,,,32.22451477023915,22.458061517232377,,,1.8199897268994776
232,2019,NHS Kingston CCG,Outer Radius,14640.30942,South West London,,,546.34,,180.44,,,,,,,27.900210458997837,44.39852762963253,17.127388078750126,,
233,2019,NHS Merton CCG,Outer Radius,19616.70838,South West London,,,485.97,,220.58,,,,,,,27.900210458997837,44.39852762963253,17.127388078750126,,
234,2019,NHS Richmond CCG,Outer Radius,11948.41495,South West London,,,400.68,,142.02,,,,,,,27.900210458997837,44.39852762963253,17.127388078750126,,
235,2019,NHS Sutton CCG,Outer Radius,23268.28951,South West London,,,550.49,,185.73,,,,,,,27.900210458997837,44.39852762963253,17.127388078750126,,
236,2019,NHS Wandsworth CCG,Outer Radius,17762.401869999998,South West London,,,424.86,,218.1,,,,,,,27.900210458997837,44.39852762963253,17.127388078750126,,
237,2019,NHS North West Surrey CCG,Inner Radius,12083.80783,Surrey Heartlands,,,377.09,,133.08,,,,,,,29.637123848157984,,15.330294244210181,9.690723606998763,
238,2019,NHS Oxfordshire CCG,Outer Radius,66982.40789,Oxford,,,349.16,,163.18,,,,,,,55.82056537600665,,28.368754538578926,,
