,Location,Date,Carbon monoxide,Nitric Oxide,Nitrogen dioxide,Oxides of Nitrogen,Ozone,PM10 Particulate matter,PM10 particulate matter (Hourly measured),PM2.5 particulate matter (Hourly measured),Sulphur dioxide,CCG
0, Hounslow 2 - Cranford,2004-12-31 00:00:00,,19.36690680852473,35.63710978672637,65.1836486398935,31.628425987905036,22.091612120956807,,,3.6115653820816873,Hounslow
1, Hounslow 2 - Cranford,2005-12-31 00:00:00,,19.28225185671379,37.73068724269597,66.99313214371185,34.42601047706647,22.159976732701754,,,3.959996846383258,Hounslow
2, Hounslow 2 - Cranford,2006-12-31 00:00:00,,16.322724490542818,37.43965257518243,62.49330725455533,41.626835958636,22.69530805181096,,,3.0185797266904784,Hounslow
3, Hounslow 2 - Cranford,2007-12-31 00:00:00,,22.751625996598072,34.51619931328315,69.26068094379164,31.764437187208916,21.877800239529613,,,2.8863708207223944,Hounslow
4, Hounslow 2 - Cranford,2008-12-31 00:00:00,,19.463411919003896,36.025263393571045,65.72896697466017,36.52743372248239,19.22102954747516,,,3.046297643446082,Hounslow
5, Hounslow 2 - Cranford,2009-12-31 00:00:00,,13.96896697088942,33.234710799748676,52.411946012295886,34.44903615759541,21.502238734910033,,,12.931383793654584,Hounslow
6, Hounslow 2 - Cranford,2010-12-31 00:00:00,,8.663226467574294,21.241340945688776,34.29370516761821,48.70446493924756,,,,0.8519104084321476,Hounslow
7, Hounslow 2 - Cranford,2011-12-31 00:00:00,,11.9373771563073,29.68029852414314,48.16735614783704,31.619417835477595,8.581105978111422,,,-0.019038912575752028,Hounslow
8, Hounslow 2 - Cranford,2012-12-31 00:00:00,,15.4280603745875,31.152764397758784,54.84384435113138,31.53995588994994,15.819043928347085,,,2.173683352033509,Hounslow
9, Hounslow 2 - Cranford,2013-12-31 00:00:00,,13.46728938856331,30.431623433542324,51.350989222072045,34.60202533864623,19.26695267790891,,,1.601606597282861,Hounslow
10, Hounslow 2 - Cranford,2014-12-31 00:00:00,,13.720314705958085,31.390845998127958,52.617017933617554,34.73975631668715,18.42423026364632,,,1.858234573189595,Hounslow
11, Hounslow 2 - Cranford,2015-12-31 00:00:00,,8.716144897885512,30.231498491251322,43.77489048787889,36.509611695960714,16.409299816974183,,,1.491848415887222,Hounslow
12, Hounslow 2 - Cranford,2016-12-31 00:00:00,,18.335734405967838,30.811259820997858,59.148750911518206,31.746313582504825,16.99448661130078,,,1.531785693715487,Hounslow
13, Hounslow 2 - Cranford,2017-12-31 00:00:00,,13.935710814938217,29.940200590736147,51.391409426829014,31.394449485143806,17.464238604369392,,,1.0608677094868952,Hounslow
14, Hounslow 2 - Cranford,2018-12-31 00:00:00,,8.625243637700388,22.246924708155284,35.41640275511461,36.821549241524295,14.20766889758697,,,1.2060372259081493,Hounslow
15, Hounslow 2 - Cranford,2019-12-31 00:00:00,,13.818452380952381,6.125,28.148809523809522,26.916123034464754,,,,1.8199897268994778,Hounslow
16, Hounslow 2 - Cranford,2020-12-31 00:00:00,,3.310737395436644,19.96620187538298,25.078303423720225,36.224710852264145,19.573373205741625,,,2.069656385177153,Hounslow
17, Hounslow 4 - Chiswick High Road,2004-12-31 00:00:00,,63.55565696398977,77.68493552568751,174.95406153612777,,27.03855432337118,,,4.69991556517825,Hounslow
18, Hounslow 4 - Chiswick High Road,2005-12-31 00:00:00,,65.12763459242079,71.8146097803662,171.52170307522385,,28.260323114534575,,,4.098670103267906,Hounslow
19, Hounslow 4 - Chiswick High Road,2006-12-31 00:00:00,,65.44769891117421,68.73002937354488,169.53596685709846,,25.778304874461192,,,3.0480763454334006,Hounslow
20, Hounslow 4 - Chiswick High Road,2007-12-31 00:00:00,,59.00960906101572,65.22475642430882,155.74055741312776,,24.088654924672305,,,2.506981866572047,Hounslow
21, Hounslow 4 - Chiswick High Road,2008-12-31 00:00:00,,59.05746983376177,74.88807461644238,165.31789725480024,,25.25761956578537,,,2.567387694695618,Hounslow
22, Hounslow 4 - Chiswick High Road,2009-12-31 00:00:00,,58.43861962202699,66.79482623299732,156.39656391694822,,27.570291706671398,,,3.0121951219512186,Hounslow
23, Hounslow 4 - Chiswick High Road,2011-12-31 00:00:00,,58.214764743912866,56.31308933565796,145.29638457092258,,,,,,Hounslow
24, Hounslow 4 - Chiswick High Road,2012-12-31 00:00:00,,57.600522224921036,55.67279551912477,143.87755673603365,,24.15716128869974,,,,Hounslow
25, Hounslow 4 - Chiswick High Road,2013-12-31 00:00:00,,64.10642464048145,56.374990528527604,154.71598433477283,,29.058091923126483,,,,Hounslow
26, Hounslow 4 - Chiswick High Road,2014-12-31 00:00:00,,59.01789433318317,51.81171020512146,142.35008178490156,,27.167634823784386,,,,Hounslow
27, Hounslow 4 - Chiswick High Road,2015-12-31 00:00:00,,47.14945611027741,44.86206138579237,117.21383326991567,,21.64714861770712,,,,Hounslow
28, Hounslow 4 - Chiswick High Road,2016-12-31 00:00:00,,57.93036877586195,49.857847996413824,138.7433592100026,,21.806665563716574,,,,Hounslow
29, Hounslow 4 - Chiswick High Road,2017-12-31 00:00:00,,49.96675781038495,53.38776869348636,129.99839054632085,,19.831805483471463,,,,Hounslow
30, Hounslow 4 - Chiswick High Road,2018-12-31 00:00:00,,43.190488811367324,47.24851756740381,113.46210191337356,,19.76765561105545,,,,Hounslow
31, Hounslow 4 - Chiswick High Road,2019-12-31 00:00:00,,28.212591397661754,41.66793082917603,84.92318130002754,18.0,18.68735201932108,,,,Hounslow
32, Hounslow 4 - Chiswick High Road,2020-12-31 00:00:00,,16.76847269441142,31.306569276134514,57.01313690152618,,18.980520752698133,,,,Hounslow
33, Hounslow Brentford,2004-12-31 00:00:00,0.8174028579925703,68.53370624157917,58.19216136447506,162.99618435241473,,34.937782727538156,,,,Hounslow
34, Hounslow Brentford,2005-12-31 00:00:00,0.8392115285668963,63.907286106055096,48.95447789094806,146.7017312902973,,37.14773539677292,,,,Hounslow
35, Hounslow Brentford,2006-12-31 00:00:00,0.5013910806898613,56.75295238081709,54.18320013333278,140.81613033902755,,36.425828477978385,,,,Hounslow
36, Hounslow Brentford,2007-12-31 00:00:00,0.5391916818669604,67.24005129866931,62.786907016642154,165.60117187670372,,34.12188875737988,,,,Hounslow
37, Hounslow Brentford,2008-12-31 00:00:00,,56.08116784541515,57.687691500904286,143.27928696346171,,40.759157767172944,,,,Hounslow
38, Hounslow Brentford,2009-12-31 00:00:00,,51.48819331227894,57.84662061457559,136.5699143353921,,33.91285991719882,,,,Hounslow
39, Hounslow Brentford,2010-12-31 00:00:00,,53.76653340663215,65.69923004406887,147.9095753705368,,34.58705710931144,,,,Hounslow
40, Hounslow Brentford,2011-12-31 00:00:00,,45.10374883307797,49.869795338999246,118.89113429135546,,29.046523298561343,,,,Hounslow
41, Hounslow Brentford,2012-12-31 00:00:00,,54.57465600069484,46.34730798741183,129.8482129080238,,27.161209012410655,,,,Hounslow
42, Hounslow Brentford,2013-12-31 00:00:00,,57.914962744657885,50.569636351066144,139.44135759683937,,32.65224067173929,,,,Hounslow
43, Hounslow Brentford,2014-12-31 00:00:00,,58.261433263611075,52.693410846073775,142.08236967806332,,32.03805238534912,,,,Hounslow
44, Hounslow Brentford,2015-12-31 00:00:00,,47.25076122170862,53.338870436313556,125.86446659845734,,30.52840494306044,,,,Hounslow
45, Hounslow Brentford,2016-12-31 00:00:00,,57.689366876688716,56.94500170475758,145.45460710094534,,30.204097838428073,,,,Hounslow
46, Hounslow Brentford,2017-12-31 00:00:00,,56.78805205118486,53.548860703521264,140.5989519976417,,28.205264548832126,,,,Hounslow
47, Hounslow Brentford,2018-12-31 00:00:00,,41.94938262055594,48.13532624810173,112.46461567517254,,25.335493100308454,,,,Hounslow
48, Hounslow Brentford,2019-12-31 00:00:00,,36.98909411710878,44.412528388618355,101.12717152132826,,20.354047212216923,,,,Hounslow
49, Hounslow Brentford,2020-12-31 00:00:00,,24.31449422123616,33.01664527163967,70.29602810047022,,23.496987122207525,,,,Hounslow
50, Hounslow Feltham,2012-12-31 00:00:00,,32.80840664607914,38.38168698593909,88.8166458793123,,20.463637966334954,,,,Hounslow
51, Hounslow Feltham,2013-12-31 00:00:00,,37.688514857319625,43.545874888057256,101.41567789334026,,22.965501406809285,,,,Hounslow
52, Hounslow Feltham,2014-12-31 00:00:00,,38.927891729358045,43.33300727201131,103.1150655094501,,20.826692031781167,,,,Hounslow
53, Hounslow Feltham,2015-12-31 00:00:00,,34.57356204537149,39.70725286755021,92.81340081487146,,18.17591155467549,,,,Hounslow
54, Hounslow Feltham,2016-12-31 00:00:00,,37.81930216522608,38.43273709554767,96.52078541713637,,18.520948205196262,,,,Hounslow
55, Hounslow Feltham,2017-12-31 00:00:00,,30.840276359194217,33.66362796292791,80.91255648482559,,18.61234804008776,,,,Hounslow
56, Hounslow Feltham,2018-12-31 00:00:00,,22.08714852580216,27.23005564350592,61.08769491970346,,19.874924053059,,,,Hounslow
57, Hounslow Feltham,2019-12-31 00:00:00,,15.618146034930097,28.925238874697158,52.862824325066455,,19.54938824800215,,,,Hounslow
58, Hounslow Feltham,2020-12-31 00:00:00,,13.434660339660345,24.721114595549384,45.3103189346885,,19.762223922489724,,,,Hounslow
59, Hounslow Gunnersbury,2012-12-31 00:00:00,,74.42548201345754,53.808957686335425,167.93690152691516,,32.11811945182401,,,,Hounslow
60, Hounslow Gunnersbury,2013-12-31 00:00:00,,62.0710842188115,66.92175816607636,162.1590048209366,,34.76965109166196,,,,Hounslow
61, Hounslow Gunnersbury,2014-12-31 00:00:00,,72.9342075453602,56.293353145789276,168.153686569022,,28.4595842040822,,,,Hounslow
62, Hounslow Gunnersbury,2015-12-31 00:00:00,,68.7033145594983,52.987947526904456,158.36789954318277,,25.12336565461022,,,,Hounslow
63, Hounslow Gunnersbury,2016-12-31 00:00:00,,80.82307379411613,58.97033526405839,182.9367119195231,,26.42035288283086,,,,Hounslow
64, Hounslow Gunnersbury,2017-12-31 00:00:00,,69.92404481763583,53.038338417053254,160.24113473081482,,27.33211140861322,,,,Hounslow
65, Hounslow Gunnersbury,2018-12-31 00:00:00,,49.58862551650409,45.13624322362002,121.16805308884753,,21.577822943002484,,,,Hounslow
66, Hounslow Gunnersbury,2019-12-31 00:00:00,,47.354687666295995,45.37299524248173,117.99257254022605,,20.13318419037693,,,,Hounslow
67, Hounslow Gunnersbury,2020-12-31 00:00:00,,28.769202320114204,35.23745946966358,79.3389241228697,,21.9524462519714,,,,Hounslow
68, Hounslow Hatton Cross,2006-12-31 00:00:00,,21.55753087649146,35.304161534528255,68.22888517703531,,22.76091887126958,,,,Hounslow
69, Hounslow Hatton Cross,2007-12-31 00:00:00,,27.283596290246745,35.10295966632801,76.77763493181116,,24.18661461320412,,,,Hounslow
70, Hounslow Hatton Cross,2008-12-31 00:00:00,,20.482158947171506,31.45995706751292,62.72758616103072,,21.349170328856268,,,,Hounslow
71, Hounslow Hatton Cross,2009-12-31 00:00:00,,20.259427912508816,34.94809780878027,65.88654487430685,,18.462133517293037,,,,Hounslow
72, Hounslow Hatton Cross,2010-12-31 00:00:00,,22.408276277357125,38.4562711085893,71.46741413111727,,16.311767081421596,,,,Hounslow
73, Hounslow Hatton Cross,2011-12-31 00:00:00,,17.435746145140303,34.51555591016998,61.65548212880857,,16.461304815387685,,,,Hounslow
74, Hounslow Hatton Cross,2012-12-31 00:00:00,,19.42056513449691,31.591067485279982,61.341812337053746,,19.568302564098506,,,,Hounslow
75, Hounslow Hatton Cross,2013-12-31 00:00:00,,21.31445574157319,37.28990707673654,70.13815178484856,,20.803411958179286,,,,Hounslow
76, Hounslow Hatton Cross,2014-12-31 00:00:00,,13.72013648502306,31.12457105486406,52.33875850047873,,19.454938037393173,,,,Hounslow
77, Hounslow Hatton Cross,2015-12-31 00:00:00,,12.796073763650018,29.686286737879943,49.495532885763595,,17.622168820855528,,,,Hounslow
78, Hounslow Hatton Cross,2016-12-31 00:00:00,,19.463497715044994,31.62707303343715,61.664836205838135,,18.35935398885232,,,,Hounslow
79, Hounslow Hatton Cross,2017-12-31 00:00:00,,18.7889425575336,33.31401775578354,62.134359819532094,,18.05959198218987,,,,Hounslow
80, Hounslow Hatton Cross,2018-12-31 00:00:00,,12.614522842523634,28.100195287405917,47.43233893298733,,20.701846870764804,,,,Hounslow
81, Hounslow Hatton Cross,2019-12-31 00:00:00,,13.794485343888594,27.70640475848352,48.83495135253988,,19.42765535830703,,,,Hounslow
82, Hounslow Hatton Cross,2020-12-31 00:00:00,,6.38051115661133,17.422104881814793,27.193736030279563,,18.391207961661515,,,,Hounslow
83, Hounslow Heston Road,2006-12-31 00:00:00,,45.05581455827059,51.28678633569105,120.1654077640471,,28.897690929676607,,,,Hounslow
84, Hounslow Heston Road,2007-12-31 00:00:00,,52.36466364898039,49.85300815902522,129.91209428511456,,29.230816480021094,,,,Hounslow
85, Hounslow Heston Road,2008-12-31 00:00:00,,49.118539589601404,53.91513099030539,128.937442235463,,29.101943291903016,,,,Hounslow
86, Hounslow Heston Road,2009-12-31 00:00:00,,46.056540688466825,53.619179212312226,122.0595077886134,,26.665660200367427,,,,Hounslow
87, Hounslow Heston Road,2010-12-31 00:00:00,,45.7355937909299,48.93460321695154,117.85497371722153,,21.29227293601893,,,,Hounslow
88, Hounslow Heston Road,2011-12-31 00:00:00,,39.60872894349151,52.18884386026303,112.91579923955842,,22.24949106980637,,,,Hounslow
89, Hounslow Heston Road,2012-12-31 00:00:00,,43.07715558726336,56.30786038603093,122.23523255686334,,28.121015936627803,,,,Hounslow
90, Hounslow Heston Road,2013-12-31 00:00:00,,43.131863553421574,50.92051939539743,117.14565156515695,,28.418605567952,,,,Hounslow
91, Hounslow Heston Road,2014-12-31 00:00:00,,41.3661222031047,47.735578522313965,111.2485630272273,,25.55926360650357,,,,Hounslow
92, Hounslow Heston Road,2015-12-31 00:00:00,,31.444095057393206,40.63157672587207,88.95966601675792,,24.376454713736322,,,,Hounslow
93, Hounslow Heston Road,2016-12-31 00:00:00,,37.77840936368816,41.051042556040194,99.04163325690969,,25.41843629696656,,,,Hounslow
94, Hounslow Heston Road,2017-12-31 00:00:00,,33.8750709577539,43.71213268162997,95.65673163045665,,22.594936171465363,,,,Hounslow
95, Hounslow Heston Road,2018-12-31 00:00:00,,27.372479606700193,39.78127033575943,81.74987989034399,,21.273877804393706,,,,Hounslow
96, Hounslow Heston Road,2019-12-31 00:00:00,,26.135351541549024,37.620579396753136,77.68930420551723,,21.34377988977821,,,,Hounslow
97, Hounslow Heston Road,2020-12-31 00:00:00,,15.899671506081253,30.64487259551031,55.03141982493677,,21.700098835920066,,,,Hounslow
98,Ealing - Acton Town Hall,2004-12-31 00:00:00,0.770049469902473,,54.30981169380791,,,,27.131824352766923,15.391342273253397,,Ealing
99,Ealing - Acton Town Hall,2005-12-31 00:00:00,0.7621498097570265,,58.46524962819772,,24.12665100130835,,27.51296677605928,14.63586088566894,,Ealing
100,Ealing - Acton Town Hall,2006-12-31 00:00:00,0.7300953061587455,,63.02394485982498,,26.712251354038287,,26.538598700115823,14.672139297456596,,Ealing
101,Ealing - Acton Town Hall,2007-12-31 00:00:00,0.6519782013433968,,57.28205550674028,,22.990610588767495,,25.989851443809847,,,Ealing
102,Ealing - Acton Town Hall,2008-12-31 00:00:00,0.5025170231624833,,59.03323254463004,,23.288952724291416,,24.530942222803837,11.795320539967483,,Ealing
103,Ealing - Acton Town Hall,2009-12-31 00:00:00,0.6400324472780062,,63.24552165974188,,20.144368945100034,,25.49041291098896,11.207386516207691,,Ealing
104,Ealing - Acton Town Hall,2010-12-31 00:00:00,0.482649570106708,,55.55347640694324,,20.582196182338613,,23.95465737307952,11.375742418228214,,Ealing
105,Ealing - Acton Town Hall,2011-12-31 00:00:00,0.4207831683090332,,53.94266165799576,,23.400696018436232,,25.058294606037865,13.148969639523106,,Ealing
106,Ealing - Acton Town Hall,2012-12-31 00:00:00,,,59.37528793896322,,,,20.269147478070174,,,Ealing
107,Ealing - Acton Town Hall (Partisol),2005-12-31 00:00:00,,,,,,,,27.38382352941177,,Ealing
108,Ealing - Acton Town Hall (Partisol),2006-12-31 00:00:00,,,,,,,,22.22795031055901,,Ealing
109,Ealing - Acton Town Hall FDMS,2005-12-31 00:00:00,,,,,,,27.75098535725043,,,Ealing
110,Ealing - Acton Town Hall FDMS,2006-12-31 00:00:00,,,,,,,26.378533569137495,,,Ealing
111,Ealing - Acton Town Hall FDMS,2007-12-31 00:00:00,,,,,,,25.648330191393285,,,Ealing
112,Ealing - Acton Town Hall FDMS,2008-12-31 00:00:00,,,,,,,23.648101072301305,,,Ealing
113,Ealing - Acton Town Hall FDMS,2009-12-31 00:00:00,,,,,,,21.4155864411074,,,Ealing
114,Ealing - Acton Town Hall FDMS,2010-12-31 00:00:00,,,,,,,23.156040713661415,,,Ealing
115,Ealing - Acton Town Hall FDMS,2011-12-31 00:00:00,,,,,,,24.352519274639864,,,Ealing
116,Ealing - Acton Vale ,2017-12-31 00:00:00,,,40.10631009615384,,,,,,,Ealing
117,Ealing - Acton Vale ,2018-12-31 00:00:00,,,29.046678075278656,,,,18.802586715607557,,,Ealing
118,Ealing - Acton Vale ,2019-12-31 00:00:00,,,26.524302714490698,,,,17.862758163337773,,,Ealing
119,Ealing - Acton Vale ,2020-12-31 00:00:00,,,18.333205303331535,,,,16.09152455182923,,,Ealing
120,Ealing - Court Way,2005-12-31 00:00:00,,,39.736495021960785,,,,,,,Ealing
121,Ealing - Court Way,2006-12-31 00:00:00,,,44.2867332660692,,,,,,,Ealing
122,Ealing - Ealing Town Hall,2004-12-31 00:00:00,,,41.411117228197895,,33.992080422331036,,,,10.043231944507777,Ealing
123,Ealing - Ealing Town Hall,2005-12-31 00:00:00,,,39.137683225081076,,33.06225517990656,,,,8.370424824312302,Ealing
124,Ealing - Ealing Town Hall,2006-12-31 00:00:00,,,40.23741141427273,,38.342826167013214,,,,6.206311289688668,Ealing
125,Ealing - Ealing Town Hall,2007-12-31 00:00:00,,,38.6917565229998,,33.957170977597606,,,,6.530477737026352,Ealing
126,Ealing - Ealing Town Hall,2008-12-31 00:00:00,,,38.706712981550176,,34.88165641375352,,,,5.656651844069671,Ealing
127,Ealing - Ealing Town Hall,2009-12-31 00:00:00,,,40.00791593921183,,31.56954852673077,,,,10.177289388025422,Ealing
128,Ealing - Ealing Town Hall,2010-12-31 00:00:00,,,43.971074986094244,,31.965594115062476,,,,8.950074745199544,Ealing
129,Ealing - Ealing Town Hall,2011-12-31 00:00:00,,,42.190740383265194,,33.04441249804558,,,,4.750594092342186,Ealing
130,Ealing - Ealing Town Hall,2012-12-31 00:00:00,,,38.12014402173914,,33.44945046739131,,,,1.2119531815217388,Ealing
131,Ealing - Greenford,2008-12-31 00:00:00,,,,,,,21.009609847531536,,,Ealing
132,Ealing - Greenford,2009-12-31 00:00:00,,,,,,,24.307537996423864,,,Ealing
133,Ealing - Hanger Lane Gyratory,2004-12-31 00:00:00,,,97.08040284920123,,,,,,,Ealing
134,Ealing - Hanger Lane Gyratory,2005-12-31 00:00:00,,,93.25651246934751,,,,,,,Ealing
135,Ealing - Hanger Lane Gyratory,2006-12-31 00:00:00,,,94.95727855864644,,,,,,,Ealing
136,Ealing - Hanger Lane Gyratory,2007-12-31 00:00:00,,,90.02418591569084,,,,,,,Ealing
137,Ealing - Hanger Lane Gyratory,2008-12-31 00:00:00,,,105.67984661639596,,,,,,,Ealing
138,Ealing - Hanger Lane Gyratory,2009-12-31 00:00:00,,,92.79239650196185,,,,,,,Ealing
139,Ealing - Hanger Lane Gyratory,2010-12-31 00:00:00,,,90.52141173610075,,,,,,,Ealing
140,Ealing - Hanger Lane Gyratory,2011-12-31 00:00:00,,,79.15329550829493,,,,31.774454408019114,,,Ealing
141,Ealing - Hanger Lane Gyratory,2012-12-31 00:00:00,,,95.12212857783733,,,,29.098669412976957,,,Ealing
142,Ealing - Hanger Lane Gyratory,2013-12-31 00:00:00,,,74.52149425042705,,,,29.62596731077879,,,Ealing
143,Ealing - Hanger Lane Gyratory,2014-12-31 00:00:00,,,78.3050244296204,,,,25.998090137900945,,,Ealing
144,Ealing - Hanger Lane Gyratory,2015-12-31 00:00:00,,,84.55759493374353,,,,24.739310411243498,,,Ealing
145,Ealing - Hanger Lane Gyratory,2016-12-31 00:00:00,,,75.66058276618551,,,,23.76207408773853,,,Ealing
146,Ealing - Hanger Lane Gyratory,2017-12-31 00:00:00,,,72.3127447737763,,,,25.56651164980989,,,Ealing
147,Ealing - Hanger Lane Gyratory,2018-12-31 00:00:00,,,67.82759124190562,,,,27.53641106923953,,,Ealing
148,Ealing - Hanger Lane Gyratory,2019-12-31 00:00:00,,,64.617437964037,,,,24.58524852083684,,,Ealing
149,Ealing - Hanger Lane Gyratory,2020-12-31 00:00:00,,,48.86377415949084,,,,23.016364903087997,,,Ealing
150,Ealing - Southall,2004-12-31 00:00:00,,,38.730418810707675,,,,19.53532826098869,,,Ealing
151,Ealing - Southall,2005-12-31 00:00:00,,,33.71892950538854,,,,22.48598870056496,,,Ealing
152,Ealing - Southall,2006-12-31 00:00:00,,,32.67280520536952,,,,23.413141796220028,,,Ealing
153,Ealing - Southall,2007-12-31 00:00:00,,,30.992765343740107,,,,21.567125092717657,,,Ealing
154,Ealing - Southall,2008-12-31 00:00:00,,,31.973692163506595,,,,19.37724609069848,,,Ealing
155,Ealing - Southall,2009-12-31 00:00:00,,,31.508720992444832,,,,19.86273195812986,,,Ealing
156,Ealing - Southall,2010-12-31 00:00:00,,,30.82971983140084,,,,19.964289588052708,,,Ealing
157,Ealing - Southall,2011-12-31 00:00:00,,,28.660122151189295,,,,22.165408013701658,,,Ealing
158,Ealing - Southall,2012-12-31 00:00:00,,,34.56766452658585,,35.908783860957946,,21.348445491342765,9.808660086371969,,Ealing
159,Ealing - Southall,2013-12-31 00:00:00,,,32.861287927623415,,35.00612546158585,,20.484570017470126,9.885007293789224,,Ealing
160,Ealing - Southall,2014-12-31 00:00:00,,,28.797623897005078,,36.15235679691407,,18.58251132583054,7.6431547619047615,,Ealing
161,Ealing - Southall,2015-12-31 00:00:00,,,25.47487976302585,,36.43666549734984,,14.59460628973488,,,Ealing
162,Ealing - Southall,2016-12-31 00:00:00,,,35.271377840909096,,25.474152967171722,,12.514460784313725,,,Ealing
163,Ealing - Southall FDMS,2011-12-31 00:00:00,,,,,,,8.775,,,Ealing
164,Ealing - Southall FDMS,2012-12-31 00:00:00,,,,,,,17.497303039251314,,,Ealing
165,Ealing - Southall FDMS,2013-12-31 00:00:00,,,,,,,21.21609024144158,,,Ealing
166,Ealing - Southall FDMS,2014-12-31 00:00:00,,,,,,,15.090649585921325,14.502304113964039,,Ealing
167,Ealing - Southall FDMS,2015-12-31 00:00:00,,,,,,,,11.516187591693607,,Ealing
168,Ealing - Southall FDMS,2016-12-31 00:00:00,,,,,,,,12.924810606060607,,Ealing
169,Ealing - Southall Railway,2011-12-31 00:00:00,,,34.27885935422716,,,,21.73790599185536,,,Ealing
170,Ealing - Southall Railway,2012-12-31 00:00:00,,,35.346337932780386,,,,22.907070975917556,,,Ealing
171,Ealing - Southall Railway,2013-12-31 00:00:00,,,35.008674735843925,,,,22.818561829503096,,,Ealing
172,Ealing - Southall Railway,2014-12-31 00:00:00,,,21.948151041666662,,,,12.947453703703703,,,Ealing
173,Ealing - Western Avenue,2010-12-31 00:00:00,,,65.03583036404007,,,,,,,Ealing
174,Ealing - Western Avenue,2011-12-31 00:00:00,,,64.14339486895334,,,,31.5441825169935,,,Ealing
175,Ealing - Western Avenue,2012-12-31 00:00:00,,,73.0704941632587,,,,29.70967718117256,,,Ealing
176,Ealing - Western Avenue,2013-12-31 00:00:00,,,64.88881362697417,,,,31.89546819237518,,,Ealing
177,Ealing - Western Avenue,2014-12-31 00:00:00,,,65.87364795577537,,,,27.8642927682808,,,Ealing
178,Ealing - Western Avenue,2015-12-31 00:00:00,,,62.2615207680829,,,,27.560988095784573,,,Ealing
179,Ealing - Western Avenue,2016-12-31 00:00:00,,,60.028795755126175,,,,29.7495438871402,,,Ealing
180,Ealing - Western Avenue,2017-12-31 00:00:00,,,51.25974925810455,,,,25.886561803013894,,,Ealing
181,Ealing - Western Avenue,2018-12-31 00:00:00,,,53.20952824160078,,,,28.091731934466488,,,Ealing
182,Ealing - Western Avenue,2019-12-31 00:00:00,,,48.558001609115266,,,,25.156378874723096,,,Ealing
183,Ealing - Western Avenue,2020-12-31 00:00:00,,,32.685246481904436,,,,23.037469846541402,,,Ealing
184,Heathrow Bath Road,2019-12-31 00:00:00,,,48.189488395625695,,,,14.179841017354272,9.391114351360905,,Hillingdon
185,Heathrow Bath Road,2020-12-31 00:00:00,,,37.44196189118106,,,,13.201417256531567,7.670733735843149,,Hillingdon
186,Heathrow Green Gates,2004-12-31 00:00:00,,,38.747582909685576,,,,26.235829472676205,12.248355810642499,,Hillingdon
187,Heathrow Green Gates,2005-12-31 00:00:00,,,36.11378817992277,,,,25.33365081934026,12.105307275202694,,Hillingdon
188,Heathrow Green Gates,2006-12-31 00:00:00,,,37.461843437946456,,,,26.606187497060716,12.929494478950998,,Hillingdon
189,Heathrow Green Gates,2007-12-31 00:00:00,,,38.126009402065165,,,,24.83050790266178,15.052291651322838,,Hillingdon
190,Heathrow Green Gates,2008-12-31 00:00:00,,,37.859867165435446,,,,18.30183997264219,10.945686760433656,,Hillingdon
191,Heathrow Green Gates,2009-12-31 00:00:00,,,37.58279633955482,,,,17.569189572917967,10.052332891761592,,Hillingdon
192,Heathrow Green Gates,2010-12-31 00:00:00,,,41.34939615637983,,,,18.182088686576478,9.888419784503766,,Hillingdon
193,Heathrow Green Gates,2011-12-31 00:00:00,,,34.73046643152361,,,,20.41532247085852,10.167958978021518,,Hillingdon
194,Heathrow Green Gates,2012-12-31 00:00:00,,,33.58410386404861,,,,19.370531846654423,9.864724957510706,,Hillingdon
195,Heathrow Green Gates,2013-12-31 00:00:00,,,33.55574131121262,,,,20.571668464816753,10.13411125623858,,Hillingdon
196,Heathrow Green Gates,2014-12-31 00:00:00,,,35.236871051109624,,,,16.654916470534115,9.663012257608633,,Hillingdon
197,Heathrow Green Gates,2015-12-31 00:00:00,,,32.17187612383497,,,,13.839169856491525,8.766672167705527,,Hillingdon
198,Heathrow Green Gates,2016-12-31 00:00:00,,,34.22948088599897,,,,14.271159014349452,9.477520632671702,,Hillingdon
199,Heathrow Green Gates,2017-12-31 00:00:00,,,31.92744353415954,,,,12.66536698130803,8.353188732384679,,Hillingdon
200,Heathrow Green Gates,2018-12-31 00:00:00,,,30.527792108268315,,,,13.701635596585263,8.722836624562646,,Hillingdon
201,Heathrow Green Gates,2019-12-31 00:00:00,,,30.650325907806558,,,,13.002403919497736,8.387359730444464,,Hillingdon
202,Heathrow Green Gates,2020-12-31 00:00:00,,,19.109350414765355,,,,11.808927791708774,7.025716338750422,,Hillingdon
203,Heathrow LHR2,2004-12-31 00:00:00,,,55.21005422840706,,,,26.847230231754462,,,Hillingdon
204,Heathrow LHR2,2005-12-31 00:00:00,,,53.56507574299696,,,,30.383919850336245,,,Hillingdon
205,Heathrow LHR2,2006-12-31 00:00:00,,,51.711275434207835,,,,31.307190410015174,,,Hillingdon
206,Heathrow LHR2,2007-12-31 00:00:00,,,54.00307777496835,,,,29.235668808417245,,,Hillingdon
207,Heathrow LHR2,2008-12-31 00:00:00,,,52.767325383692075,,,,26.86866123439442,,,Hillingdon
208,Heathrow LHR2,2009-12-31 00:00:00,,,49.864985352146675,,,,25.134447660164014,,,Hillingdon
209,Heathrow LHR2,2010-12-31 00:00:00,,,49.85886879005814,,,,24.3788003100972,11.31157040740851,,Hillingdon
210,Heathrow LHR2,2011-12-31 00:00:00,,,50.34010603011454,,,,24.922870443335007,11.377450108690445,,Hillingdon
211,Heathrow LHR2,2012-12-31 00:00:00,,,46.99179462342446,,,,24.294934490651052,10.588096991354888,,Hillingdon
212,Heathrow LHR2,2013-12-31 00:00:00,,,47.88038382722805,,,,26.080206809691123,10.93517843988444,,Hillingdon
213,Heathrow LHR2,2014-12-31 00:00:00,,,46.506399907930806,,,,17.918614407046313,9.92124466665076,,Hillingdon
214,Heathrow LHR2,2015-12-31 00:00:00,,,44.177800800983626,,,,13.154655882152825,8.64823895963532,,Hillingdon
215,Heathrow LHR2,2016-12-31 00:00:00,,,47.872269205779396,,,,14.547124468306988,9.350462480013725,,Hillingdon
216,Heathrow LHR2,2017-12-31 00:00:00,,,48.41253693897339,,,,15.155070499153837,9.121055643128077,,Hillingdon
217,Heathrow LHR2,2018-12-31 00:00:00,,,43.35449539563852,,,,14.184669790440697,9.058474489732918,,Hillingdon
218,Heathrow LHR2,2019-12-31 00:00:00,,,42.4914619669513,,,,13.386902918403807,8.697042669956604,,Hillingdon
219,Heathrow LHR2,2020-12-31 00:00:00,,,25.010733472271742,,,,11.635654560533643,7.178454961485912,,Hillingdon
220,Heathrow Oaks Road,2004-12-31 00:00:00,,,33.70989968445995,,,,23.94585471211713,11.631702891569878,,Surrey Heartlands
221,Heathrow Oaks Road,2005-12-31 00:00:00,,,37.544305890680086,,,,24.844381648172135,11.96573791453155,,Surrey Heartlands
222,Heathrow Oaks Road,2006-12-31 00:00:00,,,33.483760647015224,,,,26.497313342847267,12.237865972145531,,Surrey Heartlands
223,Heathrow Oaks Road,2007-12-31 00:00:00,,,37.564444899527665,,,,24.342762131915805,12.198261361930347,,Surrey Heartlands
224,Heathrow Oaks Road,2008-12-31 00:00:00,,,34.80325162724035,,,,21.86015740421361,11.502066787841112,,Surrey Heartlands
225,Heathrow Oaks Road,2009-12-31 00:00:00,,,33.448583081778445,,,,21.196503084942346,10.286653666348341,,Surrey Heartlands
226,Heathrow Oaks Road,2010-12-31 00:00:00,,,37.106054641110305,,,,20.71528357798679,10.669508286826774,,Surrey Heartlands
227,Heathrow Oaks Road,2011-12-31 00:00:00,,,30.29160213560411,,,,23.913083472588305,10.439104380344425,,Surrey Heartlands
228,Heathrow Oaks Road,2012-12-31 00:00:00,,,30.631591406628257,,,,20.012126962137827,9.758064056670998,,Surrey Heartlands
229,Heathrow Oaks Road,2013-12-31 00:00:00,,,34.378127915599855,,,,21.58523690779892,9.9703922743585,,Surrey Heartlands
230,Heathrow Oaks Road,2014-12-31 00:00:00,,,32.61005279116354,,,,17.701809765468372,10.016992674593208,,Surrey Heartlands
231,Heathrow Oaks Road,2015-12-31 00:00:00,,,27.409043543954045,,,,13.508984649322036,9.028487017688663,,Surrey Heartlands
232,Heathrow Oaks Road,2016-12-31 00:00:00,,,31.47462002676802,,,,14.579729099048047,9.498990713930988,,Surrey Heartlands
233,Heathrow Oaks Road,2017-12-31 00:00:00,,,25.745706717897,,,,14.145530607345712,9.207462882540355,,Surrey Heartlands
234,Heathrow Oaks Road,2018-12-31 00:00:00,,,27.852091447668165,,,,15.249259329513036,9.645984984640132,,Surrey Heartlands
235,Heathrow Oaks Road,2019-12-31 00:00:00,,,26.211692062683564,,,,14.950952114131457,9.512783314821354,,Surrey Heartlands
236,Heathrow Oaks Road,2020-12-31 00:00:00,,,16.35354863972242,,,,13.072851231648794,7.354841995263192,,Surrey Heartlands
237,Hillingdon 2 - Hillingdon Hospital,2004-12-31 00:00:00,,,37.48037232433728,,,,25.23966272684802,,,Hillingdon
238,Hillingdon 2 - Hillingdon Hospital,2005-12-31 00:00:00,,,38.904307268986216,,,,22.701754762644878,,,Hillingdon
239,Hillingdon 2 - Hillingdon Hospital,2006-12-31 00:00:00,,,37.51473925043801,,,,22.919479840357944,,,Hillingdon
240,Hillingdon 2 - Hillingdon Hospital,2007-12-31 00:00:00,,,44.2039289086218,,,,28.483576742696204,,,Hillingdon
241,Hillingdon 2 - Hillingdon Hospital,2008-12-31 00:00:00,,,35.539570361145685,,,,21.16240055633721,,,Hillingdon
242,Hillingdon 2 - Hillingdon Hospital,2009-12-31 00:00:00,,,39.587079532208115,,,,20.513807516828237,,,Hillingdon
243,Hillingdon 2 - Hillingdon Hospital,2010-12-31 00:00:00,,,36.99427904731838,,,,21.05440544700166,,,Hillingdon
244,Hillingdon 2 - Hillingdon Hospital,2011-12-31 00:00:00,,,34.9738155499025,,,,23.14003307293407,,,Hillingdon
245,Hillingdon Harmondsworth,2007-12-31 00:00:00,,,35.420358214125045,,,,21.485230152869914,,,Hillingdon
246,Hillingdon Harmondsworth,2008-12-31 00:00:00,,,32.47237547042317,,,,29.74893447401526,,,Hillingdon
247,Hillingdon Harmondsworth,2009-12-31 00:00:00,,,33.45205143664278,,,,27.938454198077704,,,Hillingdon
248,Hillingdon Harmondsworth,2010-12-31 00:00:00,,,30.953183031014053,,,,20.28779667072151,,,Hillingdon
249,Hillingdon Harmondsworth,2011-12-31 00:00:00,,,31.514376923251508,,,,21.499060195563494,,,Hillingdon
250,Hillingdon Harmondsworth,2012-12-31 00:00:00,,,31.756680102654673,,,,19.555214290202514,,,Hillingdon
251,Hillingdon Harmondsworth,2013-12-31 00:00:00,,,30.120286954620692,,,,21.923819861207722,,,Hillingdon
252,Hillingdon Harmondsworth,2014-12-31 00:00:00,,,29.338956470221785,,,,20.95413587482267,,,Hillingdon
253,Hillingdon Harmondsworth,2015-12-31 00:00:00,,,27.955846192030233,,,,21.96336832488334,,,Hillingdon
254,Hillingdon Harmondsworth,2016-12-31 00:00:00,,,26.992119473336473,,,,22.82848814134207,,,Hillingdon
255,Hillingdon Harmondsworth,2017-12-31 00:00:00,,,26.540709414749784,,,,23.14852946432725,,,Hillingdon
256,Hillingdon Harmondsworth,2018-12-31 00:00:00,,,24.76680589771111,,,,18.188177124343873,,,Hillingdon
257,Hillingdon Harmondsworth,2019-12-31 00:00:00,,,23.66696769710062,,,,14.966045966219022,,,Hillingdon
258,Hillingdon Harmondsworth,2020-12-31 00:00:00,,,16.947756707981764,,,,15.37170110219857,,,Hillingdon
259,Hillingdon Harmondsworth Osiris,2007-12-31 00:00:00,,,,,,,34.51355944637356,11.533814523184605,,Hillingdon
260,Hillingdon Harmondsworth Osiris,2008-12-31 00:00:00,,,,,,,27.24802403001307,8.380815715730385,,Hillingdon
261,Hillingdon Harmondsworth Osiris,2009-12-31 00:00:00,,,,,,,33.36058935441092,9.684557419992549,,Hillingdon
262,Hillingdon Harmondsworth Osiris,2010-12-31 00:00:00,,,,,,,23.636447614300295,7.273853526315349,,Hillingdon
263,Hillingdon Harmondsworth Osiris,2011-12-31 00:00:00,,,,,,,38.569019008517394,12.169893310673585,,Hillingdon
264,Hillingdon Harmondsworth Osiris,2012-12-31 00:00:00,,,,,,,14.558314688661808,5.332670524115122,,Hillingdon
265,Hillingdon Harmondsworth Osiris,2013-12-31 00:00:00,,,,,,,17.38116092230692,8.133738208881354,,Hillingdon
266,Hillingdon Harmondsworth Osiris,2014-12-31 00:00:00,,,,,,,15.770073344650633,6.952120205535182,,Hillingdon
267,Hillingdon Harmondsworth Osiris,2015-12-31 00:00:00,,,,,,,16.782488290977042,6.705193414871141,,Hillingdon
268,Hillingdon Harmondsworth Osiris,2016-12-31 00:00:00,,,,,,,15.916812235415392,6.151417341700552,,Hillingdon
269,Hillingdon Harmondsworth Osiris,2017-12-31 00:00:00,,,,,,,14.33140464340204,6.792249279243627,,Hillingdon
270,Hillingdon Harmondsworth Osiris,2018-12-31 00:00:00,,,,,,,16.46369065231014,5.854527618611072,,Hillingdon
271,Hillingdon Harmondsworth Osiris,2019-12-31 00:00:00,,,,,,,14.538792872823194,5.30565185327581,,Hillingdon
272,Hillingdon Harmondsworth Osiris,2020-12-31 00:00:00,,,,,,,13.244743732699956,5.167643012983562,,Hillingdon
273,Hillingdon Hayes,2008-12-31 00:00:00,,,50.50521302287607,,,,22.201722720744453,,,Hillingdon
274,Hillingdon Hayes,2009-12-31 00:00:00,,,55.65812732815841,,,,21.942813947071745,,,Hillingdon
275,Hillingdon Hayes,2010-12-31 00:00:00,,,53.61289026141616,,,,24.012380791789834,,,Hillingdon
276,Hillingdon Hayes,2011-12-31 00:00:00,,,55.2924463341956,,,,24.940164963161187,,,Hillingdon
277,Hillingdon Hayes,2012-12-31 00:00:00,,,46.03479447550905,,,,25.320915903915193,,,Hillingdon
278,Hillingdon Hayes,2013-12-31 00:00:00,,,46.894924372873646,,,,29.381717804357816,,,Hillingdon
279,Hillingdon Hayes,2014-12-31 00:00:00,,,52.95816817753284,,,,34.390588715280174,,,Hillingdon
280,Hillingdon Hayes,2015-12-31 00:00:00,,,46.15871470722708,,,,27.730401266920904,,,Hillingdon
281,Hillingdon Hayes,2016-12-31 00:00:00,,,46.714937094982574,,,,28.311734236960728,,,Hillingdon
282,Hillingdon Hayes,2017-12-31 00:00:00,,,47.175326192492044,,,,27.01801231125958,,,Hillingdon
283,Hillingdon Hayes,2018-12-31 00:00:00,,,42.76452597314781,,,,29.568862402053067,,,Hillingdon
284,Hillingdon Hayes,2019-12-31 00:00:00,,,41.18243197755103,,,,27.773579175616714,,,Hillingdon
285,Hillingdon Hayes,2020-12-31 00:00:00,,,29.949996791395016,,,,25.291246343037567,,,Hillingdon
286,Hillingdon Oxford Avenue,2005-12-31 00:00:00,,,37.3129831504265,,,,23.73873075691383,,,Hillingdon
287,Hillingdon Oxford Avenue,2006-12-31 00:00:00,,,45.22788588009829,,,,22.753159901391726,,,Hillingdon
288,Hillingdon Oxford Avenue,2007-12-31 00:00:00,,,43.59141377107863,,,,22.04284584171091,,,Hillingdon
289,Hillingdon Oxford Avenue,2008-12-31 00:00:00,,,42.374239179367954,,,,21.70312557922003,,,Hillingdon
290,Hillingdon Oxford Avenue,2009-12-31 00:00:00,,,43.60826878378596,,,,20.103177911760945,,,Hillingdon
291,Hillingdon Oxford Avenue,2010-12-31 00:00:00,,,41.8696588337042,,,,16.959579699469597,,,Hillingdon
292,Hillingdon Oxford Avenue,2011-12-31 00:00:00,,,44.46395906166546,,,,22.21121897654778,,,Hillingdon
293,Hillingdon Oxford Avenue,2012-12-31 00:00:00,,,44.00023400942098,,,,20.436903596413774,,,Hillingdon
294,Hillingdon Oxford Avenue,2013-12-31 00:00:00,,,39.27895664636547,,,,21.158604272719277,,,Hillingdon
295,Hillingdon Oxford Avenue,2014-12-31 00:00:00,,,35.1289219544043,,,,20.213087997819468,,,Hillingdon
296,Hillingdon Oxford Avenue,2015-12-31 00:00:00,,,34.525344978843634,,,,18.49296648992038,,,Hillingdon
297,Hillingdon Oxford Avenue,2016-12-31 00:00:00,,,38.79274966836318,,,,19.807792998460314,,,Hillingdon
298,Hillingdon Oxford Avenue,2017-12-31 00:00:00,,,35.51692035275198,,,,19.108181479285914,,,Hillingdon
299,Hillingdon Oxford Avenue,2018-12-31 00:00:00,,,34.9569730335248,,,,23.644640216630737,,,Hillingdon
300,Hillingdon Oxford Avenue,2019-12-31 00:00:00,,,33.04750416318783,,,,23.504354656576616,,,Hillingdon
301,Hillingdon Oxford Avenue,2020-12-31 00:00:00,,,21.33655791547037,,,,23.079522724810587,,,Hillingdon
302,Hillingdon Sipson,2006-12-31 00:00:00,,,45.35276870105318,,,,,,,Hillingdon
303,Hillingdon Sipson,2007-12-31 00:00:00,,,40.32063438404969,,,,,,,Hillingdon
304,Hillingdon Sipson,2008-12-31 00:00:00,,,37.98167800214751,,,,,,,Hillingdon
305,Hillingdon Sipson,2009-12-31 00:00:00,,,39.01441399421164,,,,,,,Hillingdon
306,Hillingdon Sipson,2010-12-31 00:00:00,,,38.33727669834436,,,,,,,Hillingdon
307,Hillingdon Sipson,2011-12-31 00:00:00,,,37.05607910552816,,,,,,,Hillingdon
308,Hillingdon Sipson,2012-12-31 00:00:00,,,35.2878249195961,,,,,,,Hillingdon
309,Hillingdon Sipson,2013-12-31 00:00:00,,,36.47759242852888,,,,,,,Hillingdon
310,Hillingdon Sipson,2014-12-31 00:00:00,,,36.69907185678105,,,,,,,Hillingdon
311,Hillingdon Sipson,2015-12-31 00:00:00,,,33.515814311489194,,,,,,,Hillingdon
312,Hillingdon Sipson,2016-12-31 00:00:00,,,36.2797138120695,,,,,,,Hillingdon
313,Hillingdon Sipson,2017-12-31 00:00:00,,,34.2721707738859,,,,,,,Hillingdon
314,Hillingdon Sipson,2018-12-31 00:00:00,,,30.49142212391252,,,,,,,Hillingdon
315,Hillingdon Sipson,2019-12-31 00:00:00,,,29.551742029429274,,,,,,,Hillingdon
316,Hillingdon Sipson,2020-12-31 00:00:00,,,18.598787289437137,,,,,,,Hillingdon
317,Hillingdon South Ruislip,2004-12-31 00:00:00,,,46.65713239761774,,,,27.406522997824823,,,Hillingdon
318,Hillingdon South Ruislip,2005-12-31 00:00:00,,,45.910787563131315,,,,26.663419003878218,,,Hillingdon
319,Hillingdon South Ruislip,2006-12-31 00:00:00,,,43.2220225293675,,,,25.924588851692043,,,Hillingdon
320,Hillingdon South Ruislip,2007-12-31 00:00:00,,,48.46773054333908,,,,24.723548054337176,,,Hillingdon
321,Hillingdon South Ruislip,2008-12-31 00:00:00,,,46.36800840325431,,,,23.326260918730743,,,Hillingdon
322,Hillingdon South Ruislip,2009-12-31 00:00:00,,,50.57742565405611,,,,23.42860548062499,,,Hillingdon
323,Hillingdon South Ruislip,2010-12-31 00:00:00,,,45.60363691698551,,,,21.838499959753836,,,Hillingdon
324,Hillingdon South Ruislip,2011-12-31 00:00:00,,,41.70937465353788,,,,23.649373614609402,,,Hillingdon
325,Hillingdon South Ruislip,2012-12-31 00:00:00,,,52.09834955525812,,,,22.244346192135975,,,Hillingdon
326,Hillingdon South Ruislip,2013-12-31 00:00:00,,,45.02757467774187,,,,22.594180757201897,,,Hillingdon
327,Hillingdon South Ruislip,2014-12-31 00:00:00,,,44.56327611266808,,,,23.375183235013182,,,Hillingdon
328,Hillingdon South Ruislip,2015-12-31 00:00:00,,,48.42930060239631,,,,20.55446294871923,,,Hillingdon
329,Hillingdon South Ruislip,2016-12-31 00:00:00,,,43.62440012753031,,,,21.123923343635624,,,Hillingdon
330,Hillingdon South Ruislip,2017-12-31 00:00:00,,,45.96905626992812,,,,17.008653381574167,,,Hillingdon
331,Hillingdon South Ruislip,2018-12-31 00:00:00,,,35.683987182676404,,,,16.38369258671542,,,Hillingdon
332,Hillingdon South Ruislip,2019-12-31 00:00:00,,,34.1773713527034,,,,15.977598557929138,,,Hillingdon
333,Hillingdon South Ruislip,2020-12-31 00:00:00,,,24.93488699942391,,,,16.409730212519094,,,Hillingdon
334,Hounslow Boston Manor Park,2018-12-31 00:00:00,,15.388636363636362,31.903896103896113,55.511255411255405,,16.225800195500263,,,,Hounslow
335,Hounslow Boston Manor Park,2019-12-31 00:00:00,,13.005680810524721,25.96544067170329,45.88309110350944,,17.919603756392938,,,,Hounslow
336,Hounslow Boston Manor Park,2020-12-31 00:00:00,,17.311843284920204,22.87457414380492,49.40172583826429,,16.20701942984552,,,,Hounslow
337,"National Physical Laboratory, Teddington",2004-12-31 00:00:00,,,24.618427872414657,,48.120475455265186,,,,3.6766297524963676,South West London
338,"National Physical Laboratory, Teddington",2005-12-31 00:00:00,,,25.48184731018338,,47.478612537624656,,,,3.024966778016487,South West London
339,"National Physical Laboratory, Teddington",2006-12-31 00:00:00,,,23.233988254808324,,51.01660825387407,,,,3.4819578766882224,South West London
340,"National Physical Laboratory, Teddington",2007-12-31 00:00:00,,,28.453437105786847,,41.93496197269571,,,,3.706443339957739,South West London
341,"National Physical Laboratory, Teddington",2008-12-31 00:00:00,,,24.76265070997694,,46.82259951513709,,,20.059371980676328,,South West London
342,"National Physical Laboratory, Teddington",2009-12-31 00:00:00,,,22.019573431207256,,44.847724597293386,,,13.321598309730412,,South West London
343,"National Physical Laboratory, Teddington",2010-12-31 00:00:00,,,23.935252838507814,,44.012581383465744,,,14.438372515811963,,South West London
344,"National Physical Laboratory, Teddington",2011-12-31 00:00:00,,,21.299103669878292,,49.14367856320734,,,17.354287620645245,,South West London
345,"National Physical Laboratory, Teddington",2012-12-31 00:00:00,,,35.50801594421512,,39.243561948695564,,,13.552664502276757,,South West London
346,"National Physical Laboratory, Teddington",2013-12-31 00:00:00,,,20.991116860266633,,49.050079177519976,,,16.836224555542348,,South West London
347,"National Physical Laboratory, Teddington",2014-12-31 00:00:00,,,27.440920243422358,,44.909363479335184,,,,,South West London
348,"National Physical Laboratory, Teddington",2015-12-31 00:00:00,,,19.17951235190554,,52.32941030566302,,,,,South West London
349,"National Physical Laboratory, Teddington",2016-12-31 00:00:00,,,21.474289224875662,,51.65992162822842,,,,,South West London
350,"National Physical Laboratory, Teddington",2017-12-31 00:00:00,,,,,,,,,,South West London
351,"National Physical Laboratory, Teddington",2018-12-31 00:00:00,,,,,,,,,,South West London
352,Richmond Upon Thames - Barnes Wetlands,2004-12-31 00:00:00,,,30.906788195454773,,41.09451173717615,,21.529459568998902,,,South West London
353,Richmond Upon Thames - Barnes Wetlands,2005-12-31 00:00:00,,,30.091877132024404,,40.792110376592134,,21.892398717026463,,,South West London
354,Richmond Upon Thames - Barnes Wetlands,2006-12-31 00:00:00,,,30.54317424364809,,45.6299942901121,,22.274587910071524,,,South West London
355,Richmond Upon Thames - Barnes Wetlands,2007-12-31 00:00:00,,,30.66715928508412,,40.49463866745659,,20.250373638245474,,,South West London
356,Richmond Upon Thames - Barnes Wetlands,2008-12-31 00:00:00,,,28.84800458848034,,43.38299408840271,,19.281009021680863,,,South West London
357,Richmond Upon Thames - Barnes Wetlands,2009-12-31 00:00:00,,,29.489470161825206,,41.424083452406165,,20.155916381117382,,,South West London
358,Richmond Upon Thames - Barnes Wetlands,2010-12-31 00:00:00,,,29.618391365599116,,39.00647943198703,,19.347473759117594,,,South West London
359,Richmond Upon Thames - Barnes Wetlands,2011-12-31 00:00:00,,,26.096519054039543,,40.742468877265594,,22.23501925138886,,,South West London
360,Richmond Upon Thames - Barnes Wetlands,2012-12-31 00:00:00,,,24.830280125617655,,41.34380797073743,,18.088551458243174,,,South West London
361,Richmond Upon Thames - Barnes Wetlands,2013-12-31 00:00:00,,,24.264865570173267,,44.333887148167896,,20.074034584622723,,,South West London
362,Richmond Upon Thames - Barnes Wetlands,2014-12-31 00:00:00,,,25.047575660760323,,47.32743616366527,,16.383943340123597,,,South West London
363,Richmond Upon Thames - Barnes Wetlands,2015-12-31 00:00:00,,,22.791999546059525,,46.61073841957151,,13.477029520632973,,,South West London
364,Richmond Upon Thames - Barnes Wetlands,2016-12-31 00:00:00,,,25.455184268798654,,39.478707185512064,,16.28402156107691,,,South West London
365,Richmond Upon Thames - Barnes Wetlands,2017-12-31 00:00:00,,,21.211983394471797,,43.24416341547551,,15.499793583327147,,,South West London
366,Richmond Upon Thames - Barnes Wetlands,2018-12-31 00:00:00,,,20.51068114859317,,46.121205746773924,,14.470155539861711,,,South West London
367,Richmond Upon Thames - Barnes Wetlands,2019-12-31 00:00:00,,,21.14941964002579,,44.39852762963253,,15.974509710804119,,,South West London
368,Richmond Upon Thames - Barnes Wetlands,2020-12-31 00:00:00,,,13.418353740995151,,49.65423814806836,,15.285765655128285,,,South West London
369,Richmond Upon Thames - Castelnau,2004-12-31 00:00:00,,,41.006143111257586,,,,24.419467339841745,,,South West London
370,Richmond Upon Thames - Castelnau,2005-12-31 00:00:00,,,42.13464248658949,,,,24.523461491098047,,,South West London
371,Richmond Upon Thames - Castelnau,2006-12-31 00:00:00,,,42.00335704613286,,,,23.670211943905706,,,South West London
372,Richmond Upon Thames - Castelnau,2007-12-31 00:00:00,,,43.34014486014457,,,,22.905204124013043,,,South West London
373,Richmond Upon Thames - Castelnau,2008-12-31 00:00:00,,,44.323390746753276,,,,21.021782337106583,,,South West London
374,Richmond Upon Thames - Castelnau,2009-12-31 00:00:00,,,44.729850203174124,,,,21.247147048900494,,,South West London
375,Richmond Upon Thames - Castelnau,2010-12-31 00:00:00,,,43.29416252916734,,,,20.809226188452413,,,South West London
376,Richmond Upon Thames - Castelnau,2011-12-31 00:00:00,,,39.24253286897738,,,,23.20124551833181,,,South West London
377,Richmond Upon Thames - Castelnau,2012-12-31 00:00:00,,,36.758160058714004,,,,20.855516452839158,,,South West London
378,Richmond Upon Thames - Castelnau,2013-12-31 00:00:00,,,38.81631671200029,,,,22.44360610214693,,,South West London
379,Richmond Upon Thames - Castelnau,2014-12-31 00:00:00,,,37.01533788262401,,,,19.285789924743803,,,South West London
380,Richmond Upon Thames - Castelnau,2015-12-31 00:00:00,,,33.767962974016,,,,17.16121703291743,,,South West London
381,Richmond Upon Thames - Castelnau,2016-12-31 00:00:00,,,36.230401731871936,,,,18.929573441967463,,,South West London
382,Richmond Upon Thames - Castelnau,2017-12-31 00:00:00,,,30.993853522342288,,,,17.660237511054962,,,South West London
383,Richmond Upon Thames - Castelnau,2018-12-31 00:00:00,,,31.00083527487652,,,,17.187440487824798,,,South West London
384,Richmond Upon Thames - Castelnau,2019-12-31 00:00:00,,,27.042995145457038,,,,15.059155700575978,,,South West London
385,Richmond Upon Thames - Castelnau,2020-12-31 00:00:00,,,18.520750349109278,,,,15.577557353145464,,,South West London
386,Richmond Upon Thames - Chertsey Road,2016-12-31 00:00:00,,,42.351294114396836,,,,20.05872240836916,,,South West London
387,Richmond Upon Thames - Chertsey Road,2017-12-31 00:00:00,,,36.45519174478595,,,,21.133705759916797,,,South West London
388,Richmond Upon Thames - Chertsey Road,2018-12-31 00:00:00,,,34.31230670424115,,,,20.9084750477266,,,South West London
389,Richmond Upon Thames - Chertsey Road,2019-12-31 00:00:00,,,35.50821659151069,,,,20.348498824870287,,,South West London
390,Richmond Upon Thames - Chertsey Road,2020-12-31 00:00:00,,,23.751897866973867,,,,19.71544643816065,,,South West London
391,Slough Brands Hill London Road,2017-12-31 00:00:00,,,37.82953148881546,,,,24.243592900155395,,,East Berkshire
392,Slough Brands Hill London Road,2018-12-31 00:00:00,,,41.983790662904035,,,,28.724209411768975,,,East Berkshire
393,Slough Brands Hill London Road,2019-12-31 00:00:00,,,39.19253764051635,,,,27.982791665756785,,,East Berkshire
394,Slough Brands Hill London Road,2020-12-31 00:00:00,,,26.68516528697395,,,,25.94573688747568,,,East Berkshire
395,Slough Chalvey,2005-12-31 00:00:00,,,48.443583207686196,,,,,,,East Berkshire
396,Slough Chalvey,2006-12-31 00:00:00,,,44.261411950395136,,,,,,,East Berkshire
397,Slough Chalvey,2007-12-31 00:00:00,,,50.99101962189929,,,,,,,East Berkshire
398,Slough Chalvey,2008-12-31 00:00:00,,,44.003206923002836,,,,,,,East Berkshire
399,Slough Chalvey,2009-12-31 00:00:00,,,40.582721051126406,,,,,,,East Berkshire
400,Slough Chalvey,2010-12-31 00:00:00,,,42.14422682860525,,,,,,,East Berkshire
401,Slough Chalvey,2011-12-31 00:00:00,,,44.31940310218828,,,,,,,East Berkshire
402,Slough Chalvey,2012-12-31 00:00:00,,,39.188115213288704,,,,,,,East Berkshire
403,Slough Chalvey,2013-12-31 00:00:00,,,37.71094229201683,,,,,,,East Berkshire
404,Slough Chalvey,2014-12-31 00:00:00,,,36.949555999125096,,,,,,,East Berkshire
405,Slough Chalvey,2015-12-31 00:00:00,,,36.89846085108344,,,,,,,East Berkshire
406,Slough Chalvey,2016-12-31 00:00:00,,,40.489245302822425,,,,,,,East Berkshire
407,Slough Chalvey,2017-12-31 00:00:00,,,35.381308798586836,,,,,,,East Berkshire
408,Slough Chalvey,2018-12-31 00:00:00,,,32.701393996882494,,,,,,,East Berkshire
409,Slough Chalvey,2019-12-31 00:00:00,,,32.75603009076796,,,,,,,East Berkshire
410,Slough Chalvey,2020-12-31 00:00:00,,,20.54677001664549,,,,,,,East Berkshire
411,Slough Colnbrook,2004-12-31 00:00:00,,,30.80143199637138,,,,22.236313254408724,,,East Berkshire
412,Slough Colnbrook,2005-12-31 00:00:00,,,31.072076499041966,,,,22.676001063518026,,,East Berkshire
413,Slough Colnbrook,2006-12-31 00:00:00,,,32.46597976064969,,,,24.063444556239126,,,East Berkshire
414,Slough Colnbrook,2007-12-31 00:00:00,,,32.98975684966564,,,,22.97719140193753,,,East Berkshire
415,Slough Colnbrook,2008-12-31 00:00:00,,,30.600568226815536,,,,21.244828374880058,,,East Berkshire
416,Slough Colnbrook,2009-12-31 00:00:00,,,29.1739060454837,,,,20.497234422525974,,,East Berkshire
417,Slough Colnbrook,2010-12-31 00:00:00,,,29.69054528063682,,,,18.126838193905293,,,East Berkshire
418,Slough Colnbrook,2011-12-31 00:00:00,,,29.980951763199172,,,,19.64120864064405,,,East Berkshire
419,Slough Colnbrook,2012-12-31 00:00:00,,,29.50136207045514,,,,19.399765987288564,,,East Berkshire
420,Slough Colnbrook,2013-12-31 00:00:00,,,29.648961404245878,,,,18.962952984705023,,,East Berkshire
421,Slough Colnbrook,2014-12-31 00:00:00,,,30.63808429230833,,,,17.989263747259606,,,East Berkshire
422,Slough Colnbrook,2015-12-31 00:00:00,,,28.452393115320866,,,,16.081695698089167,,,East Berkshire
423,Slough Colnbrook,2016-12-31 00:00:00,,,29.006766428190932,,,,17.58223221259615,,,East Berkshire
424,Slough Colnbrook,2017-12-31 00:00:00,,,25.2465610554081,,,,16.164636744014643,,,East Berkshire
425,Slough Colnbrook,2018-12-31 00:00:00,,,21.91572669462434,,,,17.52630948865814,,,East Berkshire
426,Slough Colnbrook,2019-12-31 00:00:00,,,24.514621863245576,,,,16.37688649169371,,,East Berkshire
427,Slough Colnbrook,2020-12-31 00:00:00,,,15.828418560287682,,,,17.13051064790716,,,East Berkshire
428,Slough Colnbrook Osiris,2005-12-31 00:00:00,,,,,,,33.65777673108669,11.006161462084394,,East Berkshire
429,Slough Colnbrook Osiris,2006-12-31 00:00:00,,,,,,,23.178547664350734,8.358368248658627,,East Berkshire
430,Slough Colnbrook Osiris,2007-12-31 00:00:00,,,,,,,25.886890013427745,9.192684133857048,,East Berkshire
431,Slough Colnbrook Osiris,2008-12-31 00:00:00,,,,,,,24.71440443614356,8.092537462537466,,East Berkshire
432,Slough Colnbrook Osiris,2009-12-31 00:00:00,,,,,,,28.29862988598705,8.805626629010082,,East Berkshire
433,Slough Colnbrook Osiris,2010-12-31 00:00:00,,,,,,,21.867288979959593,6.926226607857549,,East Berkshire
434,Slough Colnbrook Osiris,2011-12-31 00:00:00,,,,,,,39.397928106900714,10.903229012235872,,East Berkshire
435,Slough Colnbrook Osiris,2012-12-31 00:00:00,,,,,,,27.733137891243484,8.923948824265494,,East Berkshire
436,Slough Colnbrook Osiris,2013-12-31 00:00:00,,,,,,,29.344177341306384,9.335058590534615,,East Berkshire
437,Slough Colnbrook Osiris,2014-12-31 00:00:00,,,,,,,20.00024659998462,7.223249864250294,,East Berkshire
438,Slough Colnbrook Osiris,2015-12-31 00:00:00,,,,,,,19.505304344143997,6.928116107778756,,East Berkshire
439,Slough Colnbrook Osiris,2016-12-31 00:00:00,,,,,,,15.056922711280562,6.449860139651518,,East Berkshire
440,Slough Colnbrook Osiris,2017-12-31 00:00:00,,,,,,,15.72465782793972,7.034971975508619,,East Berkshire
441,Slough Colnbrook Osiris,2018-12-31 00:00:00,,,,,,,10.719086453260811,6.418600509466598,,East Berkshire
442,Slough Colnbrook Osiris,2019-12-31 00:00:00,,,,,,,14.868049368417616,6.927379654294574,,East Berkshire
443,Slough Colnbrook Osiris,2020-12-31 00:00:00,,,,,,,16.45075120900986,6.884694618454603,,East Berkshire
444,Slough Lakeside 1 Osiris,2005-12-31 00:00:00,,,,,,,28.153025564218893,9.227695905355482,,East Berkshire
445,Slough Lakeside 1 Osiris,2006-12-31 00:00:00,,,,,,,18.239049801800263,8.063636740856488,,East Berkshire
446,Slough Lakeside 1 Osiris,2007-12-31 00:00:00,,,,,,,22.12366149994355,10.059464757701939,,East Berkshire
447,Slough Lakeside 1 Osiris,2008-12-31 00:00:00,,,,,,,30.390676878980575,8.57200390461855,,East Berkshire
448,Slough Lakeside 1 Osiris,2009-12-31 00:00:00,,,,,,,30.394403672978633,9.258630394168229,,East Berkshire
449,Slough Lakeside 1 Osiris,2010-12-31 00:00:00,,,,,,,36.027856843859986,9.198387864686405,,East Berkshire
450,Slough Lakeside 1 Osiris,2011-12-31 00:00:00,,,,,,,38.935552687644396,12.208341206697728,,East Berkshire
451,Slough Lakeside 1 Osiris,2012-12-31 00:00:00,,,,,,,31.87225290479175,10.448869505475205,,East Berkshire
452,Slough Lakeside 1 Osiris,2013-12-31 00:00:00,,,,,,,18.616405630802596,7.462828000782183,,East Berkshire
453,Slough Lakeside 1 Osiris,2014-12-31 00:00:00,,,,,,,21.808302167994725,8.486278680995525,,East Berkshire
454,Slough Lakeside 1 Osiris,2015-12-31 00:00:00,,,,,,,18.729268277217596,7.126834102361683,,East Berkshire
455,Slough Lakeside 1 Osiris,2016-12-31 00:00:00,,,,,,,14.40024833962085,5.556286827375971,,East Berkshire
456,Slough Lakeside 1 Osiris,2017-12-31 00:00:00,,,,,,,13.668765450374195,5.622178064551982,,East Berkshire
457,Slough Lakeside 1 Osiris,2018-12-31 00:00:00,,,,,,,14.179111611672504,6.052725275831863,,East Berkshire
458,Slough Lakeside 1 Osiris,2019-12-31 00:00:00,,,,,,,12.00410658690408,6.442266448146311,,East Berkshire
459,Slough Lakeside 1 Osiris,2020-12-31 00:00:00,,,,,,,17.298690159293532,10.310536151219384,,East Berkshire
460,Slough Lakeside 2,2007-12-31 00:00:00,,,32.90906421242645,,,,21.985851256827022,,,East Berkshire
461,Slough Lakeside 2,2008-12-31 00:00:00,,,36.409227374813064,,,,25.386498154261858,,,East Berkshire
462,Slough Lakeside 2,2009-12-31 00:00:00,,,35.03603790860954,,,,23.004968220995117,,,East Berkshire
463,Slough Lakeside 2,2010-12-31 00:00:00,,,38.679123723361215,,,,18.322167988436554,,,East Berkshire
464,Slough Lakeside 2,2011-12-31 00:00:00,,,34.610895932754296,,,,24.365331195890484,,,East Berkshire
465,Slough Lakeside 2,2012-12-31 00:00:00,,,31.118042218876024,,,,19.61121852024217,,,East Berkshire
466,Slough Lakeside 2,2013-12-31 00:00:00,,,32.30148864071459,,,,20.44431004148782,,,East Berkshire
467,Slough Lakeside 2,2014-12-31 00:00:00,,,33.76606459093414,,,,16.180688913644172,,,East Berkshire
468,Slough Lakeside 2,2015-12-31 00:00:00,,,29.183995349743082,,,,13.911186594519904,,,East Berkshire
469,Slough Lakeside 2,2016-12-31 00:00:00,,,32.415705753273656,,,,15.176499328466752,,,East Berkshire
470,Slough Lakeside 2,2017-12-31 00:00:00,,,26.431879995462573,,,,14.003802209838694,,,East Berkshire
471,Slough Lakeside 2,2018-12-31 00:00:00,,,27.400940670476494,,,,13.639588528561843,,,East Berkshire
472,Slough Lakeside 2,2019-12-31 00:00:00,,,27.548123622767303,,,,14.957522791938134,,,East Berkshire
473,Slough Lakeside 2,2020-12-31 00:00:00,,,18.45383241087464,,,,14.696034623317225,,,East Berkshire
474,Slough Lakeside 2 Osiris,2007-12-31 00:00:00,,,,,,,120.53309119726089,11.081853989384111,,East Berkshire
475,Slough Lakeside 2 Osiris,2008-12-31 00:00:00,,,,,,,24.777835843760514,7.457970112079702,,East Berkshire
476,Slough Lakeside 2 Osiris,2009-12-31 00:00:00,,,,,,,41.99442617658745,9.658911349830598,,East Berkshire
477,Slough Lakeside 2 Osiris,2010-12-31 00:00:00,,,,,,,18.553019873681034,5.51357637785744,,East Berkshire
478,Slough Lakeside 2 Osiris,2011-12-31 00:00:00,,,,,,,37.288161897454636,9.958056619838226,,East Berkshire
479,Slough Lakeside 2 Osiris,2012-12-31 00:00:00,,,,,,,21.313062606895308,7.725802277432712,,East Berkshire
480,Slough Lakeside 2 Osiris,2013-12-31 00:00:00,,,,,,,24.543199627473783,9.746393584167606,,East Berkshire
481,Slough Lakeside 2 Osiris,2014-12-31 00:00:00,,,,,,,17.74636409227345,7.348010766302974,,East Berkshire
482,Slough Lakeside 2 Osiris,2015-12-31 00:00:00,,,,,,,10.81270037975664,5.262311079827458,,East Berkshire
483,Slough Lakeside 2 Osiris,2016-12-31 00:00:00,,,,,,,11.057451464247626,5.158973093691767,,East Berkshire
484,Slough Lakeside 2 Osiris,2017-12-31 00:00:00,,,,,,,16.92132209801045,7.284595618638292,,East Berkshire
485,Slough Lakeside 2 Osiris,2018-12-31 00:00:00,,,,,,,14.286434400279264,6.730222905076387,,East Berkshire
486,Slough Lakeside 2 Osiris,2019-12-31 00:00:00,,,,,,,14.050908884536817,6.644841322545226,,East Berkshire
487,Slough Lakeside 2 Osiris,2020-12-31 00:00:00,,,,,,,17.524748152265317,5.539779613263593,,East Berkshire
488,Slough Town Centre A4,2004-12-31 00:00:00,,,34.33469979296067,,,,25.46367933029876,,,East Berkshire
489,Slough Town Centre A4,2005-12-31 00:00:00,,,32.73940381821715,,,,25.118788797964005,,,East Berkshire
490,Slough Town Centre A4,2006-12-31 00:00:00,,,36.60944277085439,,,,26.744978386582304,,,East Berkshire
491,Slough Town Centre A4,2007-12-31 00:00:00,,,36.63542415502079,,,,24.5033454183001,,,East Berkshire
492,Slough Town Centre A4,2008-12-31 00:00:00,,,38.56141424120366,,,,24.752496402463336,,,East Berkshire
493,Slough Town Centre A4,2009-12-31 00:00:00,,,33.7677989870062,,,,22.998937497207464,,,East Berkshire
494,Slough Town Centre A4,2010-12-31 00:00:00,,,32.422933391717095,,,,18.663933175146873,,,East Berkshire
495,Slough Town Centre A4,2011-12-31 00:00:00,,,35.202858844550335,,,,21.81505481661195,,,East Berkshire
496,Slough Town Centre A4,2012-12-31 00:00:00,,,37.092191942672706,,,,19.89237562402176,,,East Berkshire
497,Slough Town Centre A4,2013-12-31 00:00:00,,,35.95688304277243,,,,21.230931497687216,,,East Berkshire
498,Slough Town Centre A4,2014-12-31 00:00:00,,,35.397723248545674,,,,20.478378960252424,,,East Berkshire
499,Slough Town Centre A4,2015-12-31 00:00:00,,,30.231744445936027,,,,18.41233503665492,,,East Berkshire
500,Slough Town Centre A4,2016-12-31 00:00:00,,,30.445989570099286,,,,18.418774888057833,,,East Berkshire
501,Slough Town Centre A4,2017-12-31 00:00:00,,,32.8451919207822,,,,17.238637418349565,,,East Berkshire
502,Slough Town Centre A4,2018-12-31 00:00:00,,,29.707734120131907,,,,16.458893890279604,,,East Berkshire
503,Slough Town Centre A4,2019-12-31 00:00:00,,,26.42114364881733,,,,18.192252319452074,,,East Berkshire
504,Slough Town Centre Wellington Street,2017-12-31 00:00:00,,,37.41863541824279,,,,,,,East Berkshire
505,Slough Town Centre Wellington Street,2018-12-31 00:00:00,,,35.529406892175544,,,,,,,East Berkshire
506,Slough Town Centre Wellington Street,2019-12-31 00:00:00,,,34.77111895710424,,,,,,,East Berkshire
507,Slough Town Centre Wellington Street,2020-12-31 00:00:00,,,23.743359691502015,,,,,,,East Berkshire
508,Slough Windmill Bath Road,2017-12-31 00:00:00,,,42.45913388884194,,,,21.337696619941532,,,East Berkshire
509,Slough Windmill Bath Road,2018-12-31 00:00:00,,,41.99631680626318,,,,24.642395256224052,,,East Berkshire
510,Slough Windmill Bath Road,2019-12-31 00:00:00,,,39.23348789528473,,,,23.465645412777228,,,East Berkshire
511,Slough Windmill Bath Road,2020-12-31 00:00:00,,,26.30509232023427,,,,19.388016200934526,,,East Berkshire
512,Spelthorne Sunbury Cross,2017-12-31 00:00:00,,,32.3941632996702,,,,13.263786718790445,8.127425701036115,,Surrey Heartlands
513,Spelthorne Sunbury Cross,2018-12-31 00:00:00,,,32.67499623182954,,,,14.449201935867544,9.12682492204381,,Surrey Heartlands
514,Spelthorne Sunbury Cross,2019-12-31 00:00:00,,,33.0625556336324,,,,15.709636374288907,9.868663899176171,,Surrey Heartlands
515,Spelthorne Sunbury Cross,2020-12-31 00:00:00,,,22.70866649945153,,,,14.661943735612217,8.492751262031152,,Surrey Heartlands
516,Broadway,1970-12-31,,,79.70023350153635,,,,31.075978357040796,,6.884051538969335,Hammersmith and Fulham
517,Brook Green,1970-12-31,,,39.241717849024774,,,,22.58661568797201,,,Hammersmith and Fulham
518,H&F Hammersmith Town Centre,1970-12-31,,,44.916206169284,,35.326590376538135,,20.18857625972263,14.253794266441819,,Hammersmith and Fulham
519,H&F Shepherd's Bush,1970-12-31,,,72.86493170296359,,,,27.532192107296034,,,Hammersmith and Fulham
520,Oxford High St,1970-12-31,,,49.439684877375406,,,,22.168788363335985,,,Oxford
521,Oxford St Ebbes (Cal Club),1970-12-31,,,,,40.724350148032926,,,,,Oxford
522,Reading Caversham Road,1970-12-31,,,40.37483595165808,,,,26.431216892288603,,,Reading
523,Reading Kings Road,1970-12-31,,,53.67091373962244,,,,26.162467911411238,,,Reading
524,Reading Oxford Road,1970-12-31,,,32.2578044382586,,,,22.67139187499345,,,Reading
525,Scrubs Lane,1970-12-31,,,40.95207678535905,,,,32.25939055964936,,,Hammersmith and Fulham
526,Watford Roadside,1970-12-31,,,37.43949362041467,,39.028514916762816,,,,,Watford
527,Watford Town Hall,1970-12-31,,,35.11171971738309,,,,20.402954709201374,9.25221251991265,,Watford
