,Location,Date,Carbon monoxide,Nitric Oxide,Nitrogen dioxide,Oxides of Nitrogen,Ozone,PM10 Particulate matter,PM10 particulate matter (Hourly measured),PM2.5 particulate matter (Hourly measured),Sulphur dioxide,Nitric oxide
0, Hounslow 2 - Cranford,2004-12-31,,19.36690680852473,35.63710978672637,65.1836486398935,31.628425987905036,22.091612120956807,,,3.6115653820816873,
1, Hounslow 2 - Cranford,2005-12-31,,19.28225185671379,37.73068724269597,66.99313214371185,34.42601047706647,22.159976732701754,,,3.959996846383258,
2, Hounslow 2 - Cranford,2006-12-31,,16.322724490542818,37.43965257518243,62.49330725455533,41.626835958636,22.69530805181096,,,3.0185797266904784,
3, Hounslow 2 - Cranford,2007-12-31,,22.751625996598072,34.51619931328315,69.26068094379164,31.764437187208916,21.877800239529613,,,2.8863708207223944,
4, Hounslow 2 - Cranford,2008-12-31,,19.463411919003896,36.025263393571045,65.72896697466017,36.52743372248239,19.22102954747516,,,3.046297643446082,
5, Hounslow 2 - Cranford,2009-12-31,,13.96896697088942,33.234710799748676,52.411946012295886,34.44903615759541,21.502238734910033,,,12.931383793654584,
6, Hounslow 2 - Cranford,2010-12-31,,8.663226467574294,21.241340945688776,34.29370516761821,48.70446493924756,,,,0.8519104084321476,
7, Hounslow 2 - Cranford,2011-12-31,,11.9373771563073,29.68029852414314,48.16735614783704,31.619417835477595,8.581105978111422,,,-0.019038912575752028,
8, Hounslow 2 - Cranford,2012-12-31,,15.4280603745875,31.152764397758784,54.84384435113138,31.53995588994994,15.819043928347085,,,2.173683352033509,
9, Hounslow 2 - Cranford,2013-12-31,,13.46728938856331,30.431623433542324,51.350989222072045,34.60202533864623,19.26695267790891,,,1.601606597282861,
10, Hounslow 2 - Cranford,2014-12-31,,13.720314705958085,31.390845998127958,52.617017933617554,34.73975631668715,18.42423026364632,,,1.858234573189595,
11, Hounslow 2 - Cranford,2015-12-31,,8.716144897885512,30.231498491251322,43.77489048787889,36.509611695960714,16.409299816974183,,,1.491848415887222,
12, Hounslow 2 - Cranford,2016-12-31,,18.335734405967838,30.811259820997858,59.148750911518206,31.746313582504825,16.99448661130078,,,1.531785693715487,
13, Hounslow 2 - Cranford,2017-12-31,,13.935710814938217,29.940200590736147,51.391409426829014,31.394449485143806,17.464238604369392,,,1.0608677094868952,
14, Hounslow 2 - Cranford,2018-12-31,,8.625243637700388,22.246924708155284,35.41640275511461,36.821549241524295,14.20766889758697,,,1.2060372259081493,
15, Hounslow 2 - Cranford,2019-12-31,,13.818452380952381,6.125,28.148809523809522,26.916123034464754,,,,1.8199897268994778,
16, Hounslow 2 - Cranford,2020-12-31,,3.310737395436644,19.96620187538298,25.078303423720225,36.224710852264145,19.573373205741625,,,2.069656385177153,
17, Hounslow 4 - Chiswick High Road,2004-12-31,,63.55565696398977,77.68493552568751,174.95406153612777,,27.03855432337118,,,4.69991556517825,
18, Hounslow 4 - Chiswick High Road,2005-12-31,,65.12763459242079,71.8146097803662,171.52170307522385,,28.260323114534575,,,4.098670103267906,
19, Hounslow 4 - Chiswick High Road,2006-12-31,,65.44769891117421,68.73002937354488,169.53596685709846,,25.778304874461192,,,3.0480763454334006,
20, Hounslow 4 - Chiswick High Road,2007-12-31,,59.00960906101572,65.22475642430882,155.74055741312776,,24.088654924672305,,,2.506981866572047,
21, Hounslow 4 - Chiswick High Road,2008-12-31,,59.05746983376177,74.88807461644238,165.31789725480024,,25.25761956578537,,,2.567387694695618,
22, Hounslow 4 - Chiswick High Road,2009-12-31,,58.43861962202699,66.79482623299732,156.39656391694822,,27.570291706671398,,,3.0121951219512186,
23, Hounslow 4 - Chiswick High Road,2011-12-31,,58.214764743912866,56.31308933565796,145.29638457092258,,,,,,
24, Hounslow 4 - Chiswick High Road,2012-12-31,,57.600522224921036,55.67279551912477,143.87755673603365,,24.15716128869974,,,,
25, Hounslow 4 - Chiswick High Road,2013-12-31,,64.10642464048145,56.374990528527604,154.71598433477283,,29.058091923126483,,,,
26, Hounslow 4 - Chiswick High Road,2014-12-31,,59.01789433318317,51.81171020512146,142.35008178490156,,27.167634823784386,,,,
27, Hounslow 4 - Chiswick High Road,2015-12-31,,47.14945611027741,44.86206138579237,117.21383326991567,,21.64714861770712,,,,
28, Hounslow 4 - Chiswick High Road,2016-12-31,,57.93036877586195,49.857847996413824,138.7433592100026,,21.806665563716574,,,,
29, Hounslow 4 - Chiswick High Road,2017-12-31,,49.96675781038495,53.38776869348636,129.99839054632085,,19.831805483471463,,,,
30, Hounslow 4 - Chiswick High Road,2018-12-31,,43.190488811367324,47.24851756740381,113.46210191337356,,19.76765561105545,,,,
31, Hounslow 4 - Chiswick High Road,2019-12-31,,28.212591397661754,41.66793082917603,84.92318130002754,18.0,18.68735201932108,,,,
32, Hounslow 4 - Chiswick High Road,2020-12-31,,16.76847269441142,31.306569276134514,57.01313690152618,,18.980520752698133,,,,
33, Hounslow Brentford,2004-12-31,0.8174028579925703,68.53370624157917,58.19216136447506,162.99618435241473,,34.937782727538156,,,,
34, Hounslow Brentford,2005-12-31,0.8392115285668963,63.907286106055096,48.95447789094806,146.7017312902973,,37.14773539677292,,,,
35, Hounslow Brentford,2006-12-31,0.5013910806898613,56.75295238081709,54.18320013333278,140.81613033902755,,36.425828477978385,,,,
36, Hounslow Brentford,2007-12-31,0.5391916818669604,67.24005129866931,62.786907016642154,165.60117187670372,,34.12188875737988,,,,
37, Hounslow Brentford,2008-12-31,,56.08116784541515,57.687691500904286,143.27928696346171,,40.759157767172944,,,,
38, Hounslow Brentford,2009-12-31,,51.48819331227894,57.84662061457559,136.5699143353921,,33.91285991719882,,,,
39, Hounslow Brentford,2010-12-31,,53.76653340663215,65.69923004406887,147.9095753705368,,34.58705710931144,,,,
40, Hounslow Brentford,2011-12-31,,45.10374883307797,49.869795338999246,118.89113429135546,,29.046523298561343,,,,
41, Hounslow Brentford,2012-12-31,,54.57465600069484,46.34730798741183,129.8482129080238,,27.161209012410655,,,,
42, Hounslow Brentford,2013-12-31,,57.914962744657885,50.569636351066144,139.44135759683937,,32.65224067173929,,,,
43, Hounslow Brentford,2014-12-31,,58.261433263611075,52.693410846073775,142.08236967806332,,32.03805238534912,,,,
44, Hounslow Brentford,2015-12-31,,47.25076122170862,53.338870436313556,125.86446659845734,,30.52840494306044,,,,
45, Hounslow Brentford,2016-12-31,,57.689366876688716,56.94500170475758,145.45460710094534,,30.204097838428073,,,,
46, Hounslow Brentford,2017-12-31,,56.78805205118486,53.548860703521264,140.5989519976417,,28.205264548832126,,,,
47, Hounslow Brentford,2018-12-31,,41.94938262055594,48.13532624810173,112.46461567517254,,25.335493100308454,,,,
48, Hounslow Brentford,2019-12-31,,36.98909411710878,44.412528388618355,101.12717152132826,,20.354047212216923,,,,
49, Hounslow Brentford,2020-12-31,,24.31449422123616,33.01664527163967,70.29602810047022,,23.496987122207525,,,,
50, Hounslow Feltham,2012-12-31,,32.80840664607914,38.38168698593909,88.8166458793123,,20.463637966334954,,,,
51, Hounslow Feltham,2013-12-31,,37.688514857319625,43.545874888057256,101.41567789334026,,22.965501406809285,,,,
52, Hounslow Feltham,2014-12-31,,38.927891729358045,43.33300727201131,103.1150655094501,,20.826692031781167,,,,
53, Hounslow Feltham,2015-12-31,,34.57356204537149,39.70725286755021,92.81340081487146,,18.17591155467549,,,,
54, Hounslow Feltham,2016-12-31,,37.81930216522608,38.43273709554767,96.52078541713637,,18.520948205196262,,,,
55, Hounslow Feltham,2017-12-31,,30.840276359194217,33.66362796292791,80.91255648482559,,18.61234804008776,,,,
56, Hounslow Feltham,2018-12-31,,22.08714852580216,27.23005564350592,61.08769491970346,,19.874924053059,,,,
57, Hounslow Feltham,2019-12-31,,15.618146034930097,28.925238874697158,52.862824325066455,,19.54938824800215,,,,
58, Hounslow Feltham,2020-12-31,,13.434660339660345,24.721114595549384,45.3103189346885,,19.762223922489724,,,,
59, Hounslow Gunnersbury,2012-12-31,,74.42548201345754,53.808957686335425,167.93690152691516,,32.11811945182401,,,,
60, Hounslow Gunnersbury,2013-12-31,,62.0710842188115,66.92175816607636,162.1590048209366,,34.76965109166196,,,,
61, Hounslow Gunnersbury,2014-12-31,,72.9342075453602,56.293353145789276,168.153686569022,,28.4595842040822,,,,
62, Hounslow Gunnersbury,2015-12-31,,68.7033145594983,52.987947526904456,158.36789954318277,,25.12336565461022,,,,
63, Hounslow Gunnersbury,2016-12-31,,80.82307379411613,58.97033526405839,182.9367119195231,,26.42035288283086,,,,
64, Hounslow Gunnersbury,2017-12-31,,69.92404481763583,53.038338417053254,160.24113473081482,,27.33211140861322,,,,
65, Hounslow Gunnersbury,2018-12-31,,49.58862551650409,45.13624322362002,121.16805308884753,,21.577822943002484,,,,
66, Hounslow Gunnersbury,2019-12-31,,47.354687666295995,45.37299524248173,117.99257254022605,,20.13318419037693,,,,
67, Hounslow Gunnersbury,2020-12-31,,28.769202320114204,35.23745946966358,79.3389241228697,,21.9524462519714,,,,
68, Hounslow Hatton Cross,2006-12-31,,21.55753087649146,35.304161534528255,68.22888517703531,,22.76091887126958,,,,
69, Hounslow Hatton Cross,2007-12-31,,27.283596290246745,35.10295966632801,76.77763493181116,,24.18661461320412,,,,
70, Hounslow Hatton Cross,2008-12-31,,20.482158947171506,31.45995706751292,62.72758616103072,,21.349170328856268,,,,
71, Hounslow Hatton Cross,2009-12-31,,20.259427912508816,34.94809780878027,65.88654487430685,,18.462133517293037,,,,
72, Hounslow Hatton Cross,2010-12-31,,22.408276277357125,38.4562711085893,71.46741413111727,,16.311767081421596,,,,
73, Hounslow Hatton Cross,2011-12-31,,17.435746145140303,34.51555591016998,61.65548212880857,,16.461304815387685,,,,
74, Hounslow Hatton Cross,2012-12-31,,19.42056513449691,31.591067485279982,61.341812337053746,,19.568302564098506,,,,
75, Hounslow Hatton Cross,2013-12-31,,21.31445574157319,37.28990707673654,70.13815178484856,,20.803411958179286,,,,
76, Hounslow Hatton Cross,2014-12-31,,13.72013648502306,31.12457105486406,52.33875850047873,,19.454938037393173,,,,
77, Hounslow Hatton Cross,2015-12-31,,12.796073763650018,29.686286737879943,49.495532885763595,,17.622168820855528,,,,
78, Hounslow Hatton Cross,2016-12-31,,19.463497715044994,31.62707303343715,61.664836205838135,,18.35935398885232,,,,
79, Hounslow Hatton Cross,2017-12-31,,18.7889425575336,33.31401775578354,62.134359819532094,,18.05959198218987,,,,
80, Hounslow Hatton Cross,2018-12-31,,12.614522842523634,28.100195287405917,47.43233893298733,,20.701846870764804,,,,
81, Hounslow Hatton Cross,2019-12-31,,13.794485343888594,27.70640475848352,48.83495135253988,,19.42765535830703,,,,
82, Hounslow Hatton Cross,2020-12-31,,6.38051115661133,17.422104881814793,27.193736030279563,,18.391207961661515,,,,
83, Hounslow Heston Road,2006-12-31,,45.05581455827059,51.28678633569105,120.1654077640471,,28.897690929676607,,,,
84, Hounslow Heston Road,2007-12-31,,52.36466364898039,49.85300815902522,129.91209428511456,,29.230816480021094,,,,
85, Hounslow Heston Road,2008-12-31,,49.118539589601404,53.91513099030539,128.937442235463,,29.101943291903016,,,,
86, Hounslow Heston Road,2009-12-31,,46.056540688466825,53.619179212312226,122.0595077886134,,26.665660200367427,,,,
87, Hounslow Heston Road,2010-12-31,,45.7355937909299,48.93460321695154,117.85497371722153,,21.29227293601893,,,,
88, Hounslow Heston Road,2011-12-31,,39.60872894349151,52.18884386026303,112.91579923955842,,22.24949106980637,,,,
89, Hounslow Heston Road,2012-12-31,,43.07715558726336,56.30786038603093,122.23523255686334,,28.121015936627803,,,,
90, Hounslow Heston Road,2013-12-31,,43.131863553421574,50.92051939539743,117.14565156515695,,28.418605567952,,,,
91, Hounslow Heston Road,2014-12-31,,41.3661222031047,47.735578522313965,111.2485630272273,,25.55926360650357,,,,
92, Hounslow Heston Road,2015-12-31,,31.444095057393206,40.63157672587207,88.95966601675792,,24.376454713736322,,,,
93, Hounslow Heston Road,2016-12-31,,37.77840936368816,41.051042556040194,99.04163325690969,,25.41843629696656,,,,
94, Hounslow Heston Road,2017-12-31,,33.8750709577539,43.71213268162997,95.65673163045665,,22.594936171465363,,,,
95, Hounslow Heston Road,2018-12-31,,27.372479606700193,39.78127033575943,81.74987989034399,,21.273877804393706,,,,
96, Hounslow Heston Road,2019-12-31,,26.135351541549024,37.620579396753136,77.68930420551723,,21.34377988977821,,,,
97, Hounslow Heston Road,2020-12-31,,15.899671506081253,30.64487259551031,55.03141982493677,,21.700098835920066,,,,
98,Ealing - Acton Town Hall,2004-12-31,0.770049469902473,,54.30981169380791,,,,27.131824352766923,15.391342273253397,,
99,Ealing - Acton Town Hall,2005-12-31,0.7621498097570265,,58.46524962819772,,24.12665100130835,,27.51296677605928,14.63586088566894,,
100,Ealing - Acton Town Hall,2006-12-31,0.7300953061587455,,63.02394485982498,,26.712251354038287,,26.538598700115823,14.672139297456596,,
101,Ealing - Acton Town Hall,2007-12-31,0.6519782013433968,,57.28205550674028,,22.990610588767495,,25.989851443809847,,,
102,Ealing - Acton Town Hall,2008-12-31,0.5025170231624833,,59.03323254463004,,23.288952724291416,,24.530942222803837,11.795320539967483,,
103,Ealing - Acton Town Hall,2009-12-31,0.6400324472780062,,63.24552165974188,,20.144368945100034,,25.49041291098896,11.207386516207691,,
104,Ealing - Acton Town Hall,2010-12-31,0.482649570106708,,55.55347640694324,,20.582196182338613,,23.95465737307952,11.375742418228214,,
105,Ealing - Acton Town Hall,2011-12-31,0.4207831683090332,,53.94266165799576,,23.400696018436232,,25.058294606037865,13.148969639523106,,
106,Ealing - Acton Town Hall,2012-12-31,,,59.37528793896322,,,,20.269147478070174,,,
107,Ealing - Acton Town Hall (Partisol),2005-12-31,,,,,,,,27.38382352941177,,
108,Ealing - Acton Town Hall (Partisol),2006-12-31,,,,,,,,22.22795031055901,,
109,Ealing - Acton Town Hall FDMS,2005-12-31,,,,,,,27.75098535725043,,,
110,Ealing - Acton Town Hall FDMS,2006-12-31,,,,,,,26.378533569137495,,,
111,Ealing - Acton Town Hall FDMS,2007-12-31,,,,,,,25.648330191393285,,,
112,Ealing - Acton Town Hall FDMS,2008-12-31,,,,,,,23.648101072301305,,,
113,Ealing - Acton Town Hall FDMS,2009-12-31,,,,,,,21.4155864411074,,,
114,Ealing - Acton Town Hall FDMS,2010-12-31,,,,,,,23.156040713661415,,,
115,Ealing - Acton Town Hall FDMS,2011-12-31,,,,,,,24.352519274639864,,,
116,Ealing - Acton Vale ,2017-12-31,,,40.10631009615384,,,,,,,
117,Ealing - Acton Vale ,2018-12-31,,,29.046678075278656,,,,18.802586715607557,,,
118,Ealing - Acton Vale ,2019-12-31,,,26.524302714490698,,,,17.862758163337773,,,
119,Ealing - Acton Vale ,2020-12-31,,,18.333205303331535,,,,16.09152455182923,,,
120,Ealing - Court Way,2005-12-31,,,39.736495021960785,,,,,,,
121,Ealing - Court Way,2006-12-31,,,44.2867332660692,,,,,,,
122,Ealing - Ealing Town Hall,2004-12-31,,,41.411117228197895,,33.992080422331036,,,,10.043231944507777,
123,Ealing - Ealing Town Hall,2005-12-31,,,39.137683225081076,,33.06225517990656,,,,8.370424824312302,
124,Ealing - Ealing Town Hall,2006-12-31,,,40.23741141427273,,38.342826167013214,,,,6.206311289688668,
125,Ealing - Ealing Town Hall,2007-12-31,,,38.6917565229998,,33.957170977597606,,,,6.530477737026352,
126,Ealing - Ealing Town Hall,2008-12-31,,,38.706712981550176,,34.88165641375352,,,,5.656651844069671,
127,Ealing - Ealing Town Hall,2009-12-31,,,40.00791593921183,,31.56954852673077,,,,10.177289388025422,
128,Ealing - Ealing Town Hall,2010-12-31,,,43.971074986094244,,31.965594115062476,,,,8.950074745199544,
129,Ealing - Ealing Town Hall,2011-12-31,,,42.190740383265194,,33.04441249804558,,,,4.750594092342186,
130,Ealing - Ealing Town Hall,2012-12-31,,,38.12014402173914,,33.44945046739131,,,,1.2119531815217388,
131,Ealing - Greenford,2008-12-31,,,,,,,21.009609847531536,,,
132,Ealing - Greenford,2009-12-31,,,,,,,24.307537996423864,,,
133,Ealing - Hanger Lane Gyratory,2004-12-31,,,97.08040284920123,,,,,,,
134,Ealing - Hanger Lane Gyratory,2005-12-31,,,93.25651246934751,,,,,,,
135,Ealing - Hanger Lane Gyratory,2006-12-31,,,94.95727855864644,,,,,,,
136,Ealing - Hanger Lane Gyratory,2007-12-31,,,90.02418591569084,,,,,,,
137,Ealing - Hanger Lane Gyratory,2008-12-31,,,105.67984661639596,,,,,,,
138,Ealing - Hanger Lane Gyratory,2009-12-31,,,92.79239650196185,,,,,,,
139,Ealing - Hanger Lane Gyratory,2010-12-31,,,90.52141173610075,,,,,,,
140,Ealing - Hanger Lane Gyratory,2011-12-31,,,79.15329550829493,,,,31.774454408019114,,,
141,Ealing - Hanger Lane Gyratory,2012-12-31,,,95.12212857783733,,,,29.098669412976957,,,
142,Ealing - Hanger Lane Gyratory,2013-12-31,,,74.52149425042705,,,,29.62596731077879,,,
143,Ealing - Hanger Lane Gyratory,2014-12-31,,,78.3050244296204,,,,25.998090137900945,,,
144,Ealing - Hanger Lane Gyratory,2015-12-31,,,84.55759493374353,,,,24.739310411243498,,,
145,Ealing - Hanger Lane Gyratory,2016-12-31,,,75.66058276618551,,,,23.76207408773853,,,
146,Ealing - Hanger Lane Gyratory,2017-12-31,,,72.3127447737763,,,,25.56651164980989,,,
147,Ealing - Hanger Lane Gyratory,2018-12-31,,,67.82759124190562,,,,27.53641106923953,,,
148,Ealing - Hanger Lane Gyratory,2019-12-31,,,64.617437964037,,,,24.58524852083684,,,
149,Ealing - Hanger Lane Gyratory,2020-12-31,,,48.86377415949084,,,,23.016364903087997,,,
150,Ealing - Southall,2004-12-31,,,38.730418810707675,,,,19.53532826098869,,,
151,Ealing - Southall,2005-12-31,,,33.71892950538854,,,,22.48598870056496,,,
152,Ealing - Southall,2006-12-31,,,32.67280520536952,,,,23.413141796220028,,,
153,Ealing - Southall,2007-12-31,,,30.992765343740107,,,,21.567125092717657,,,
154,Ealing - Southall,2008-12-31,,,31.973692163506595,,,,19.37724609069848,,,
155,Ealing - Southall,2009-12-31,,,31.508720992444832,,,,19.86273195812986,,,
156,Ealing - Southall,2010-12-31,,,30.82971983140084,,,,19.964289588052708,,,
157,Ealing - Southall,2011-12-31,,,28.660122151189295,,,,22.165408013701658,,,
158,Ealing - Southall,2012-12-31,,,34.56766452658585,,35.908783860957946,,21.348445491342765,9.808660086371969,,
159,Ealing - Southall,2013-12-31,,,32.861287927623415,,35.00612546158585,,20.484570017470126,9.885007293789224,,
160,Ealing - Southall,2014-12-31,,,28.797623897005078,,36.15235679691407,,18.58251132583054,7.6431547619047615,,
161,Ealing - Southall,2015-12-31,,,25.47487976302585,,36.43666549734984,,14.59460628973488,,,
162,Ealing - Southall,2016-12-31,,,35.271377840909096,,25.474152967171722,,12.514460784313725,,,
163,Ealing - Southall FDMS,2011-12-31,,,,,,,8.775,,,
164,Ealing - Southall FDMS,2012-12-31,,,,,,,17.497303039251314,,,
165,Ealing - Southall FDMS,2013-12-31,,,,,,,21.21609024144158,,,
166,Ealing - Southall FDMS,2014-12-31,,,,,,,15.090649585921325,14.502304113964039,,
167,Ealing - Southall FDMS,2015-12-31,,,,,,,,11.516187591693607,,
168,Ealing - Southall FDMS,2016-12-31,,,,,,,,12.924810606060607,,
169,Ealing - Southall Railway,2011-12-31,,,34.27885935422716,,,,21.73790599185536,,,
170,Ealing - Southall Railway,2012-12-31,,,35.346337932780386,,,,22.907070975917556,,,
171,Ealing - Southall Railway,2013-12-31,,,35.008674735843925,,,,22.818561829503096,,,
172,Ealing - Southall Railway,2014-12-31,,,21.948151041666662,,,,12.947453703703703,,,
173,Ealing - Western Avenue,2010-12-31,,,65.03583036404007,,,,,,,
174,Ealing - Western Avenue,2011-12-31,,,64.14339486895334,,,,31.5441825169935,,,
175,Ealing - Western Avenue,2012-12-31,,,73.0704941632587,,,,29.70967718117256,,,
176,Ealing - Western Avenue,2013-12-31,,,64.88881362697417,,,,31.89546819237518,,,
177,Ealing - Western Avenue,2014-12-31,,,65.87364795577537,,,,27.8642927682808,,,
178,Ealing - Western Avenue,2015-12-31,,,62.2615207680829,,,,27.560988095784573,,,
179,Ealing - Western Avenue,2016-12-31,,,60.028795755126175,,,,29.7495438871402,,,
180,Ealing - Western Avenue,2017-12-31,,,51.25974925810455,,,,25.886561803013894,,,
181,Ealing - Western Avenue,2018-12-31,,,53.20952824160078,,,,28.091731934466488,,,
182,Ealing - Western Avenue,2019-12-31,,,48.558001609115266,,,,25.156378874723096,,,
183,Ealing - Western Avenue,2020-12-31,,,32.685246481904436,,,,23.037469846541402,,,
184,Elmbridge - Bell Farm Hersham,2004-12-31,0.19540337005191258,,25.45896177103825,,50.287864487890644,,18.999307727071827,,2.9746653578090463,
185,Elmbridge - Bell Farm Hersham,2005-12-31,0.24808829259807075,,28.937912685901637,,27.11866034870588,,20.41028567891157,,2.004275568566363,
186,Elmbridge - Bell Farm Hersham,2006-12-31,0.3064918217269941,,26.145517137547895,,52.91518156373235,,18.54198841123597,,2.1142969388133332,
187,Elmbridge - Bell Farm Hersham,2007-12-31,0.28261814563173626,,23.399973446407206,,35.76231325155799,,21.14156194365671,,1.6756255327349385,
188,Elmbridge - Bell Farm Hersham,2008-12-31,0.2009010843354234,,22.407879890592337,,46.3901709094737,,17.522503818218635,,1.5384090491570992,
189,Elmbridge - Bell Farm Hersham,2009-12-31,0.28185296380769226,,29.776785869230764,,31.01068089230769,,23.83253705555556,,1.5886554467179486,
190,Elmbridge - Esher High Street,2005-12-31,,,55.91274957843136,,,,,,,
191,Elmbridge - Esher High Street,2006-12-31,,,51.74731825205477,,,,,,,
192,Elmbridge - Esher High Street,2007-12-31,,,46.30339731805159,,,,,,,
193,Elmbridge - Esher High Street,2008-12-31,,,38.225522133108136,,,,,,,
194,Elmbridge - Esher High Street,2009-12-31,,,58.38890436363636,,,,,,,
195,Elmbridge - Walton High Street,2008-12-31,,,61.6467418548387,,,,,,,
196,Elmbridge - Walton High Street,2009-12-31,,,39.82352232773109,,,,,,,
197,Elmbridge - Walton High Street,2010-12-31,,,51.543424442528774,,,,,,,
198,Elmbridge - Walton High Street,2011-12-31,,,51.16579994571432,,,,,,,
199,Elmbridge - Walton High Street,2012-12-31,,,40.78485243689321,,,,,,,
200,Elmbridge - Walton High Street,2013-12-31,,,46.80403234520547,,,,,,,
201,Elmbridge - Walton High Street,2014-12-31,,,46.962866131123945,,,,,,,
202,Elmbridge - Walton High Street,2015-12-31,,,39.773595879452046,,,,,,,
203,Elmbridge - Walton High Street,2016-12-31,,,43.414158057471276,,,,,,,
204,Elmbridge - Walton High Street,2017-12-31,,,40.58968987671235,,,,,,,
205,Elmbridge - Walton High Street,2018-12-31,,,37.52473325490194,,,,,,,
206,Elmbridge - Walton High Street,2019-12-31,,,40.95312034392265,,,,,,,
207,Elmbridge - Walton High Street,2020-12-31,,,26.290559410119045,,,,,,,
208,Elmbridge Hampton Court Parade,2010-12-31,,,50.06330123943662,,,,,,,
209,Elmbridge Hampton Court Parade,2011-12-31,,,36.125886276712315,,,,,,,
210,Elmbridge Hampton Court Parade,2012-12-31,,,42.768379897351004,,,,,,,
211,Elmbridge Hampton Court Parade,2013-12-31,,,43.14468604657534,,,,,,,
212,Elmbridge Hampton Court Parade,2014-12-31,,,39.79127316111114,,,,,,,
213,Elmbridge Hampton Court Parade,2015-12-31,,,37.66360582328768,,,,,,,
214,Elmbridge Hampton Court Parade,2016-12-31,,,37.61370974726776,,,,,,,
215,Elmbridge Hampton Court Parade,2017-12-31,,,33.485813572237966,,,,,,,
216,Elmbridge Hampton Court Parade,2018-12-31,,,32.43923380684933,,,,,,,
217,Elmbridge Hampton Court Parade,2019-12-31,,,30.781254542465742,,,,,,,
218,Elmbridge Hampton Court Parade,2020-12-31,,,24.058537191964287,,,,,,,
219,Elmbridge Weybridge High St,2018-12-31,,,29.487576168910245,,,,,,,
220,Elmbridge Weybridge High St,2019-12-31,,,29.302872243390812,,,,,,,
221,Elmbridge Weybridge High St,2020-12-31,,,21.1189793762918,,,,,,,
222,Elmbridge Weybridge High St 2,2018-12-31,,,16.242406519327726,,,,,,,
223,Elmbridge Weybridge High St 2,2019-12-31,,,18.590450405444127,,,,,,,
224,Elmbridge Weybridge High St 2,2020-12-31,,,17.690941301492536,,,,,,,
225,Farnham The Woolmead,2008-12-31,,,,,,,53.288574954819275,,,
226,Farnham The Woolmead,2018-12-31,,,28.055896262921337,,,,,,,
227,Farnham The Woolmead,2019-12-31,,,24.306364268523673,,,,,,,
228,Farnham The Woolmead,2020-12-31,,,15.808129460416659,,,,,,,
229,Godalming Ockford Road 2,2018-12-31,,,55.55787579704796,,,,,,,
230,Godalming Ockford Road 2,2019-12-31,,,57.256134282191816,,,,,,,
231,Godalming Ockford Road 2,2020-12-31,,,42.06037393035714,,,,,,,
232,Heathrow Bath Road,2019-12-31,,,48.189488395625695,,,,14.179841017354272,9.391114351360905,,
233,Heathrow Bath Road,2020-12-31,,,37.44196189118106,,,,13.201417256531567,7.670733735843149,,
234,Heathrow Green Gates,2004-12-31,,,38.747582909685576,,,,26.235829472676205,12.248355810642499,,
235,Heathrow Green Gates,2005-12-31,,,36.11378817992277,,,,25.33365081934026,12.105307275202694,,
236,Heathrow Green Gates,2006-12-31,,,37.461843437946456,,,,26.606187497060716,12.929494478950998,,
237,Heathrow Green Gates,2007-12-31,,,38.126009402065165,,,,24.83050790266178,15.052291651322838,,
238,Heathrow Green Gates,2008-12-31,,,37.859867165435446,,,,18.30183997264219,10.945686760433656,,
239,Heathrow Green Gates,2009-12-31,,,37.58279633955482,,,,17.569189572917967,10.052332891761592,,
240,Heathrow Green Gates,2010-12-31,,,41.34939615637983,,,,18.182088686576478,9.888419784503766,,
241,Heathrow Green Gates,2011-12-31,,,34.73046643152361,,,,20.41532247085852,10.167958978021518,,
242,Heathrow Green Gates,2012-12-31,,,33.58410386404861,,,,19.370531846654423,9.864724957510706,,
243,Heathrow Green Gates,2013-12-31,,,33.55574131121262,,,,20.571668464816753,10.13411125623858,,
244,Heathrow Green Gates,2014-12-31,,,35.236871051109624,,,,16.654916470534115,9.663012257608633,,
245,Heathrow Green Gates,2015-12-31,,,32.17187612383497,,,,13.839169856491525,8.766672167705527,,
246,Heathrow Green Gates,2016-12-31,,,34.22948088599897,,,,14.271159014349452,9.477520632671702,,
247,Heathrow Green Gates,2017-12-31,,,31.92744353415954,,,,12.66536698130803,8.353188732384679,,
248,Heathrow Green Gates,2018-12-31,,,30.527792108268315,,,,13.701635596585263,8.722836624562646,,
249,Heathrow Green Gates,2019-12-31,,,30.650325907806558,,,,13.002403919497736,8.387359730444464,,
250,Heathrow Green Gates,2020-12-31,,,19.109350414765355,,,,11.808927791708774,7.025716338750422,,
251,Heathrow LHR2,2004-12-31,,,55.21005422840706,,,,26.847230231754462,,,
252,Heathrow LHR2,2005-12-31,,,53.56507574299696,,,,30.383919850336245,,,
253,Heathrow LHR2,2006-12-31,,,51.711275434207835,,,,31.307190410015174,,,
254,Heathrow LHR2,2007-12-31,,,54.00307777496835,,,,29.235668808417245,,,
255,Heathrow LHR2,2008-12-31,,,52.767325383692075,,,,26.86866123439442,,,
256,Heathrow LHR2,2009-12-31,,,49.864985352146675,,,,25.134447660164014,,,
257,Heathrow LHR2,2010-12-31,,,49.85886879005814,,,,24.3788003100972,11.31157040740851,,
258,Heathrow LHR2,2011-12-31,,,50.34010603011454,,,,24.922870443335007,11.377450108690445,,
259,Heathrow LHR2,2012-12-31,,,46.99179462342446,,,,24.294934490651052,10.588096991354888,,
260,Heathrow LHR2,2013-12-31,,,47.88038382722805,,,,26.080206809691123,10.93517843988444,,
261,Heathrow LHR2,2014-12-31,,,46.506399907930806,,,,17.918614407046313,9.92124466665076,,
262,Heathrow LHR2,2015-12-31,,,44.177800800983626,,,,13.154655882152825,8.64823895963532,,
263,Heathrow LHR2,2016-12-31,,,47.872269205779396,,,,14.547124468306988,9.350462480013725,,
264,Heathrow LHR2,2017-12-31,,,48.41253693897339,,,,15.155070499153837,9.121055643128077,,
265,Heathrow LHR2,2018-12-31,,,43.35449539563852,,,,14.184669790440697,9.058474489732918,,
266,Heathrow LHR2,2019-12-31,,,42.4914619669513,,,,13.386902918403807,8.697042669956604,,
267,Heathrow LHR2,2020-12-31,,,25.010733472271742,,,,11.635654560533643,7.178454961485912,,
268,Heathrow Oaks Road,2004-12-31,,,33.70989968445995,,,,23.94585471211713,11.631702891569878,,
269,Heathrow Oaks Road,2005-12-31,,,37.544305890680086,,,,24.844381648172135,11.96573791453155,,
270,Heathrow Oaks Road,2006-12-31,,,33.483760647015224,,,,26.497313342847267,12.237865972145531,,
271,Heathrow Oaks Road,2007-12-31,,,37.564444899527665,,,,24.342762131915805,12.198261361930347,,
272,Heathrow Oaks Road,2008-12-31,,,34.80325162724035,,,,21.86015740421361,11.502066787841112,,
273,Heathrow Oaks Road,2009-12-31,,,33.448583081778445,,,,21.196503084942346,10.286653666348341,,
274,Heathrow Oaks Road,2010-12-31,,,37.106054641110305,,,,20.71528357798679,10.669508286826774,,
275,Heathrow Oaks Road,2011-12-31,,,30.29160213560411,,,,23.913083472588305,10.439104380344425,,
276,Heathrow Oaks Road,2012-12-31,,,30.631591406628257,,,,20.012126962137827,9.758064056670998,,
277,Heathrow Oaks Road,2013-12-31,,,34.378127915599855,,,,21.58523690779892,9.9703922743585,,
278,Heathrow Oaks Road,2014-12-31,,,32.61005279116354,,,,17.701809765468372,10.016992674593208,,
279,Heathrow Oaks Road,2015-12-31,,,27.409043543954045,,,,13.508984649322036,9.028487017688663,,
280,Heathrow Oaks Road,2016-12-31,,,31.47462002676802,,,,14.579729099048047,9.498990713930988,,
281,Heathrow Oaks Road,2017-12-31,,,25.745706717897,,,,14.145530607345712,9.207462882540355,,
282,Heathrow Oaks Road,2018-12-31,,,27.852091447668165,,,,15.249259329513036,9.645984984640132,,
283,Heathrow Oaks Road,2019-12-31,,,26.211692062683564,,,,14.950952114131457,9.512783314821354,,
284,Heathrow Oaks Road,2020-12-31,,,16.35354863972242,,,,13.072851231648794,7.354841995263192,,
285,Hillingdon 2 - Hillingdon Hospital,2004-12-31,,,37.48037232433728,,,,25.23966272684802,,,
286,Hillingdon 2 - Hillingdon Hospital,2005-12-31,,,38.904307268986216,,,,22.701754762644878,,,
287,Hillingdon 2 - Hillingdon Hospital,2006-12-31,,,37.51473925043801,,,,22.919479840357944,,,
288,Hillingdon 2 - Hillingdon Hospital,2007-12-31,,,44.2039289086218,,,,28.483576742696204,,,
289,Hillingdon 2 - Hillingdon Hospital,2008-12-31,,,35.539570361145685,,,,21.16240055633721,,,
290,Hillingdon 2 - Hillingdon Hospital,2009-12-31,,,39.587079532208115,,,,20.513807516828237,,,
291,Hillingdon 2 - Hillingdon Hospital,2010-12-31,,,36.99427904731838,,,,21.05440544700166,,,
292,Hillingdon 2 - Hillingdon Hospital,2011-12-31,,,34.9738155499025,,,,23.14003307293407,,,
293,Hillingdon Harmondsworth,2007-12-31,,,35.420358214125045,,,,21.485230152869914,,,
294,Hillingdon Harmondsworth,2008-12-31,,,32.47237547042317,,,,29.74893447401526,,,
295,Hillingdon Harmondsworth,2009-12-31,,,33.45205143664278,,,,27.938454198077704,,,
296,Hillingdon Harmondsworth,2010-12-31,,,30.953183031014053,,,,20.28779667072151,,,
297,Hillingdon Harmondsworth,2011-12-31,,,31.514376923251508,,,,21.499060195563494,,,
298,Hillingdon Harmondsworth,2012-12-31,,,31.756680102654673,,,,19.555214290202514,,,
299,Hillingdon Harmondsworth,2013-12-31,,,30.120286954620692,,,,21.923819861207722,,,
300,Hillingdon Harmondsworth,2014-12-31,,,29.338956470221785,,,,20.95413587482267,,,
301,Hillingdon Harmondsworth,2015-12-31,,,27.955846192030233,,,,21.96336832488334,,,
302,Hillingdon Harmondsworth,2016-12-31,,,26.992119473336473,,,,22.82848814134207,,,
303,Hillingdon Harmondsworth,2017-12-31,,,26.540709414749784,,,,23.14852946432725,,,
304,Hillingdon Harmondsworth,2018-12-31,,,24.76680589771111,,,,18.188177124343873,,,
305,Hillingdon Harmondsworth,2019-12-31,,,23.66696769710062,,,,14.966045966219022,,,
306,Hillingdon Harmondsworth,2020-12-31,,,16.947756707981764,,,,15.37170110219857,,,
307,Hillingdon Harmondsworth Osiris,2007-12-31,,,,,,,34.51355944637356,11.533814523184605,,
308,Hillingdon Harmondsworth Osiris,2008-12-31,,,,,,,27.24802403001307,8.380815715730385,,
309,Hillingdon Harmondsworth Osiris,2009-12-31,,,,,,,33.36058935441092,9.684557419992549,,
310,Hillingdon Harmondsworth Osiris,2010-12-31,,,,,,,23.636447614300295,7.273853526315349,,
311,Hillingdon Harmondsworth Osiris,2011-12-31,,,,,,,38.569019008517394,12.169893310673585,,
312,Hillingdon Harmondsworth Osiris,2012-12-31,,,,,,,14.558314688661808,5.332670524115122,,
313,Hillingdon Harmondsworth Osiris,2013-12-31,,,,,,,17.38116092230692,8.133738208881354,,
314,Hillingdon Harmondsworth Osiris,2014-12-31,,,,,,,15.770073344650633,6.952120205535182,,
315,Hillingdon Harmondsworth Osiris,2015-12-31,,,,,,,16.782488290977042,6.705193414871141,,
316,Hillingdon Harmondsworth Osiris,2016-12-31,,,,,,,15.916812235415392,6.151417341700552,,
317,Hillingdon Harmondsworth Osiris,2017-12-31,,,,,,,14.33140464340204,6.792249279243627,,
318,Hillingdon Harmondsworth Osiris,2018-12-31,,,,,,,16.46369065231014,5.854527618611072,,
319,Hillingdon Harmondsworth Osiris,2019-12-31,,,,,,,14.538792872823194,5.30565185327581,,
320,Hillingdon Harmondsworth Osiris,2020-12-31,,,,,,,13.244743732699956,5.167643012983562,,
321,Hillingdon Hayes,2008-12-31,,,50.50521302287607,,,,22.201722720744453,,,
322,Hillingdon Hayes,2009-12-31,,,55.65812732815841,,,,21.942813947071745,,,
323,Hillingdon Hayes,2010-12-31,,,53.61289026141616,,,,24.012380791789834,,,
324,Hillingdon Hayes,2011-12-31,,,55.2924463341956,,,,24.940164963161187,,,
325,Hillingdon Hayes,2012-12-31,,,46.03479447550905,,,,25.320915903915193,,,
326,Hillingdon Hayes,2013-12-31,,,46.894924372873646,,,,29.381717804357816,,,
327,Hillingdon Hayes,2014-12-31,,,52.95816817753284,,,,34.390588715280174,,,
328,Hillingdon Hayes,2015-12-31,,,46.15871470722708,,,,27.730401266920904,,,
329,Hillingdon Hayes,2016-12-31,,,46.714937094982574,,,,28.311734236960728,,,
330,Hillingdon Hayes,2017-12-31,,,47.175326192492044,,,,27.01801231125958,,,
331,Hillingdon Hayes,2018-12-31,,,42.76452597314781,,,,29.568862402053067,,,
332,Hillingdon Hayes,2019-12-31,,,41.18243197755103,,,,27.773579175616714,,,
333,Hillingdon Hayes,2020-12-31,,,29.949996791395016,,,,25.291246343037567,,,
334,Hillingdon Oxford Avenue,2005-12-31,,,37.3129831504265,,,,23.73873075691383,,,
335,Hillingdon Oxford Avenue,2006-12-31,,,45.22788588009829,,,,22.753159901391726,,,
336,Hillingdon Oxford Avenue,2007-12-31,,,43.59141377107863,,,,22.04284584171091,,,
337,Hillingdon Oxford Avenue,2008-12-31,,,42.374239179367954,,,,21.70312557922003,,,
338,Hillingdon Oxford Avenue,2009-12-31,,,43.60826878378596,,,,20.103177911760945,,,
339,Hillingdon Oxford Avenue,2010-12-31,,,41.8696588337042,,,,16.959579699469597,,,
340,Hillingdon Oxford Avenue,2011-12-31,,,44.46395906166546,,,,22.21121897654778,,,
341,Hillingdon Oxford Avenue,2012-12-31,,,44.00023400942098,,,,20.436903596413774,,,
342,Hillingdon Oxford Avenue,2013-12-31,,,39.27895664636547,,,,21.158604272719277,,,
343,Hillingdon Oxford Avenue,2014-12-31,,,35.1289219544043,,,,20.213087997819468,,,
344,Hillingdon Oxford Avenue,2015-12-31,,,34.525344978843634,,,,18.49296648992038,,,
345,Hillingdon Oxford Avenue,2016-12-31,,,38.79274966836318,,,,19.807792998460314,,,
346,Hillingdon Oxford Avenue,2017-12-31,,,35.51692035275198,,,,19.108181479285914,,,
347,Hillingdon Oxford Avenue,2018-12-31,,,34.9569730335248,,,,23.644640216630737,,,
348,Hillingdon Oxford Avenue,2019-12-31,,,33.04750416318783,,,,23.504354656576616,,,
349,Hillingdon Oxford Avenue,2020-12-31,,,21.33655791547037,,,,23.079522724810587,,,
350,Hillingdon Sipson,2006-12-31,,,45.35276870105318,,,,,,,
351,Hillingdon Sipson,2007-12-31,,,40.32063438404969,,,,,,,
352,Hillingdon Sipson,2008-12-31,,,37.98167800214751,,,,,,,
353,Hillingdon Sipson,2009-12-31,,,39.01441399421164,,,,,,,
354,Hillingdon Sipson,2010-12-31,,,38.33727669834436,,,,,,,
355,Hillingdon Sipson,2011-12-31,,,37.05607910552816,,,,,,,
356,Hillingdon Sipson,2012-12-31,,,35.2878249195961,,,,,,,
357,Hillingdon Sipson,2013-12-31,,,36.47759242852888,,,,,,,
358,Hillingdon Sipson,2014-12-31,,,36.69907185678105,,,,,,,
359,Hillingdon Sipson,2015-12-31,,,33.515814311489194,,,,,,,
360,Hillingdon Sipson,2016-12-31,,,36.2797138120695,,,,,,,
361,Hillingdon Sipson,2017-12-31,,,34.2721707738859,,,,,,,
362,Hillingdon Sipson,2018-12-31,,,30.49142212391252,,,,,,,
363,Hillingdon Sipson,2019-12-31,,,29.551742029429274,,,,,,,
364,Hillingdon Sipson,2020-12-31,,,18.598787289437137,,,,,,,
365,Hillingdon South Ruislip,2004-12-31,,,46.65713239761774,,,,27.406522997824823,,,
366,Hillingdon South Ruislip,2005-12-31,,,45.910787563131315,,,,26.663419003878218,,,
367,Hillingdon South Ruislip,2006-12-31,,,43.2220225293675,,,,25.924588851692043,,,
368,Hillingdon South Ruislip,2007-12-31,,,48.46773054333908,,,,24.723548054337176,,,
369,Hillingdon South Ruislip,2008-12-31,,,46.36800840325431,,,,23.326260918730743,,,
370,Hillingdon South Ruislip,2009-12-31,,,50.57742565405611,,,,23.42860548062499,,,
371,Hillingdon South Ruislip,2010-12-31,,,45.60363691698551,,,,21.838499959753836,,,
372,Hillingdon South Ruislip,2011-12-31,,,41.70937465353788,,,,23.649373614609402,,,
373,Hillingdon South Ruislip,2012-12-31,,,52.09834955525812,,,,22.244346192135975,,,
374,Hillingdon South Ruislip,2013-12-31,,,45.02757467774187,,,,22.594180757201897,,,
375,Hillingdon South Ruislip,2014-12-31,,,44.56327611266808,,,,23.375183235013182,,,
376,Hillingdon South Ruislip,2015-12-31,,,48.42930060239631,,,,20.55446294871923,,,
377,Hillingdon South Ruislip,2016-12-31,,,43.62440012753031,,,,21.123923343635624,,,
378,Hillingdon South Ruislip,2017-12-31,,,45.96905626992812,,,,17.008653381574167,,,
379,Hillingdon South Ruislip,2018-12-31,,,35.683987182676404,,,,16.38369258671542,,,
380,Hillingdon South Ruislip,2019-12-31,,,34.1773713527034,,,,15.977598557929138,,,
381,Hillingdon South Ruislip,2020-12-31,,,24.93488699942391,,,,16.409730212519094,,,
382,Hounslow Boston Manor Park,2018-12-31,,15.388636363636362,31.903896103896113,55.511255411255405,,16.225800195500263,,,,
383,Hounslow Boston Manor Park,2019-12-31,,13.005680810524721,25.96544067170329,45.88309110350944,,17.919603756392938,,,,
384,Hounslow Boston Manor Park,2020-12-31,,17.311843284920204,22.87457414380492,49.40172583826429,,16.20701942984552,,,,
385,Iver North Park Road,2020-12-31,0.15554425999298732,37.798861760752686,34.41663925403224,,54.67867102822581,11.352237507906384,,,,
386,Iver Primary School,2020-12-31,0.12892143566981176,27.34885559660419,30.014870372359635,,51.84296368579732,12.334373538738706,,,,
387,Iver Thorney Lane North,2020-12-31,0.13178355774997713,36.196858626245465,34.69457917255436,,43.43176734363681,24.356913544751432,,,,
388,Kingston - Chessington,2018-12-31,,,,,30.534522068702294,,,,,
389,Kingston - Chessington,2019-12-31,,,,,31.699003158904077,,,,,
390,Kingston - Chessington,2020-12-31,,,,,24.611596016417906,,,,,
391,Kingston Upon Thames - Cromwell Road,2018-12-31,,,35.92924561525423,,,,22.18957107118644,,,
392,Kingston Upon Thames - Cromwell Road,2019-12-31,,,33.14051603013699,,,,23.690270994520528,,,
393,Kingston Upon Thames - Cromwell Road,2020-12-31,,,22.847828900892846,,,,18.09776231777108,,,
394,Kingston Upon Thames - Kingston Vale,2015-12-31,,,52.451653972,,,,22.254375407142852,,,
395,Kingston Upon Thames - Kingston Vale,2016-12-31,,,49.90254277948717,,,,20.61922811931817,,,
396,Kingston Upon Thames - Sopwith Way,2015-12-31,,,48.02491342213115,,,,22.1444382868217,,,
397,Kingston Upon Thames - Sopwith Way,2016-12-31,,,58.48015499568966,,,,24.413967657060518,,,
398,Kingston Upon Thames - Sopwith Way,2017-12-31,,,48.924267205479445,,,,23.13695948891967,,,
399,Kingston Upon Thames - Sopwith Way,2018-12-31,,,43.70355349577466,,,,23.42660024238228,,,
400,Kingston Upon Thames - Sopwith Way,2019-12-31,,,41.36172230662984,,,,21.46943904709141,,,
401,Kingston Upon Thames - Sopwith Way,2020-12-31,,,29.2501175725552,,,,21.840989554237275,,,
402,Kingston Upon Thames - Tolworth Broadway,2018-12-31,,,51.04072157425744,,,,,,,
403,Kingston Upon Thames - Tolworth Broadway,2019-12-31,,,46.09769321459228,,,,,,,
404,Kingston Upon Thames - Tolworth Broadway,2020-12-31,,,36.38781952083333,,,,16.592946939737995,,,
405,"National Physical Laboratory, Teddington",2004-12-31,,,24.618427872414657,,48.120475455265186,,,,3.6766297524963676,
406,"National Physical Laboratory, Teddington",2005-12-31,,,25.48184731018338,,47.478612537624656,,,,3.024966778016487,
407,"National Physical Laboratory, Teddington",2006-12-31,,,23.233988254808324,,51.01660825387407,,,,3.4819578766882224,
408,"National Physical Laboratory, Teddington",2007-12-31,,,28.453437105786847,,41.93496197269571,,,,3.706443339957739,
409,"National Physical Laboratory, Teddington",2008-12-31,,,24.76265070997694,,46.82259951513709,,,20.059371980676328,,
410,"National Physical Laboratory, Teddington",2009-12-31,,,22.019573431207256,,44.847724597293386,,,13.321598309730412,,
411,"National Physical Laboratory, Teddington",2010-12-31,,,23.935252838507814,,44.012581383465744,,,14.438372515811963,,
412,"National Physical Laboratory, Teddington",2011-12-31,,,21.299103669878292,,49.14367856320734,,,17.354287620645245,,
413,"National Physical Laboratory, Teddington",2012-12-31,,,35.50801594421512,,39.243561948695564,,,13.552664502276757,,
414,"National Physical Laboratory, Teddington",2013-12-31,,,20.991116860266633,,49.050079177519976,,,16.836224555542348,,
415,"National Physical Laboratory, Teddington",2014-12-31,,,27.440920243422358,,44.909363479335184,,,,,
416,"National Physical Laboratory, Teddington",2015-12-31,,,19.17951235190554,,52.32941030566302,,,,,
417,"National Physical Laboratory, Teddington",2016-12-31,,,21.474289224875662,,51.65992162822842,,,,,
418,"National Physical Laboratory, Teddington",2017-12-31,,,,,,,,,,
419,"National Physical Laboratory, Teddington",2018-12-31,,,,,,,,,,
420,Reigate and Banstead - A23 Hooley,2008-12-31,,,46.14270855614972,,,,,,,
421,Reigate and Banstead - Earlswood Depot,2008-12-31,,,,,,,24.950783092460323,,,
422,Reigate and Banstead - Earlswood Depot,2009-12-31,,,,,,,25.38866554493149,,,
423,Reigate and Banstead - Earlswood Depot,2010-12-31,,,,,,,28.667503052647064,,,
424,Reigate and Banstead - Earlswood Depot,2011-12-31,,,,,,,20.95024668136988,,,
425,Reigate and Banstead - Earlswood Depot,2012-12-31,,,,,,,22.62352348989073,,,
426,Reigate and Banstead - Earlswood Depot,2013-12-31,,,,,,,21.77575598082192,,,
427,Reigate and Banstead - Earlswood Depot,2014-12-31,,,,,,,20.22079664363636,,,
428,Reigate and Banstead - Earlswood Depot,2015-12-31,,,,,,,21.086684409366374,,,
429,Reigate and Banstead - Earlswood Depot,2016-12-31,,,,,,,20.285338863387988,,,
430,Reigate and Banstead - Earlswood Depot,2017-12-31,,,,,,,20.453570226997225,,,
431,Reigate and Banstead - Earlswood Depot,2018-12-31,,,,,,,19.514584259813084,,,
432,Reigate and Banstead - Earlswood Depot,2019-12-31,,,,,,,19.0601263939726,,,
433,Reigate and Banstead - Earlswood Depot,2020-12-31,,,,,,,11.636888523214289,,,
434,Reigate and Banstead - Horley,2004-12-31,,,33.78321498165136,,,,,,,
435,Reigate and Banstead - Horley,2005-12-31,,,33.95546698328693,,,,,,,
436,Reigate and Banstead - Horley,2006-12-31,,,32.45129837711865,,,,,,,
437,Reigate and Banstead - Horley,2007-12-31,,,33.67349517737431,,,,,,,
438,Reigate and Banstead - Horley,2008-12-31,,,32.66681706521737,,17.107384031349216,,,,,
439,Reigate and Banstead - Horley,2009-12-31,,,31.37432094050994,,18.793196423287675,,,,,
440,Reigate and Banstead - Horley,2010-12-31,,,31.331959573714272,,19.500044578571437,,,,,
441,Reigate and Banstead - Horley,2011-12-31,,,28.778505851796407,,21.737974765840228,,,,,
442,Reigate and Banstead - Horley,2012-12-31,,,31.18359691139241,,20.15591060329671,,,,,
443,Reigate and Banstead - Horley,2013-12-31,,,28.488144829041076,,20.364270698630143,,,,,
444,Reigate and Banstead - Horley,2014-12-31,,,28.51804282794521,,19.27375172712328,,,,,
445,Reigate and Banstead - Horley,2015-12-31,,,26.450381858126725,,19.258530986577185,,,,,
446,Reigate and Banstead - Horley,2016-12-31,,,28.64648468292014,,16.596084844875342,,31.46355364432989,,,
447,Reigate and Banstead - Horley,2017-12-31,,,45.016751888888884,,16.11948559368132,,26.683310720547958,,,
448,Reigate and Banstead - Horley,2018-12-31,,,,,17.077764141369876,,24.834591166942147,,,
449,Reigate and Banstead - Horley,2019-12-31,,,,,15.629340110833343,,24.236278384657535,,,
450,Reigate and Banstead - Horley,2020-12-31,,,,,15.343444322955985,,13.830196834821425,,,
451,Reigate and Banstead - Horley South,2009-12-31,,,57.73599217535545,,,,,,,
452,Reigate and Banstead - Horley South,2010-12-31,,,68.1156793293413,,,,,,,
453,Reigate and Banstead - Horley South,2011-12-31,,,60.095114816849794,,,,,,,
454,Reigate and Banstead - Horley South,2012-12-31,,,60.78079225666664,,,,,,,
455,Reigate and Banstead - Horley South East,2012-12-31,,,32.66882196345515,,,,,,,
456,Reigate and Banstead - Horley South East,2013-12-31,,,35.06247864766079,,,,,,,
457,Reigate and Banstead - Horley South East,2014-12-31,,,37.076731032102266,,,,,,,
458,Reigate and Banstead - Horley South East,2015-12-31,,,27.20737592649575,,,,,,,
459,Reigate and Banstead - Horley South East,2016-12-31,,,30.748145278742545,,,,,,,
460,Reigate and Banstead - Horley South East,2017-12-31,,,28.09626711417322,,,,,,,
461,Reigate and Banstead - Horley South East,2018-12-31,,,30.151669197979807,,,,,,,
462,Reigate and Banstead - Horley South East,2019-12-31,,,28.523611487087926,,,,,,,
463,Reigate and Banstead - Horley South East,2020-12-31,,,18.714276052243584,,,,,,,
464,Reigate and Banstead - Reigate High St,2012-12-31,,,47.85247274373258,,,,,,,
465,Reigate and Banstead - Reigate High St,2013-12-31,,,45.509447424686215,,,,,,,
466,Reigate and Banstead - Reigate High St,2014-12-31,,,39.69732054883722,,,,,,,
467,Reigate and Banstead - Reigate High St,2015-12-31,,,33.40144422878791,,,,,,,
468,Reigate and Banstead - Reigate High St,2016-12-31,,,36.694923305821895,,,,,,,
469,Reigate and Banstead - Reigate High St,2017-12-31,,,34.18515283147208,,,,,,,
470,Reigate and Banstead - Reigate High St,2018-12-31,,,36.97985073224851,,,,,,,
471,Reigate and Banstead - Reigate High St,2019-12-31,,,34.68039806742857,,,,,,,
472,Reigate and Banstead - Reigate High St,2020-12-31,,,28.09748760778444,,,,,,,
473,Richmond Upon Thames - Barnes Wetlands,2004-12-31,,,30.906788195454773,,41.09451173717615,,21.529459568998902,,,
474,Richmond Upon Thames - Barnes Wetlands,2005-12-31,,,30.091877132024404,,40.792110376592134,,21.892398717026463,,,
475,Richmond Upon Thames - Barnes Wetlands,2006-12-31,,,30.54317424364809,,45.6299942901121,,22.274587910071524,,,
476,Richmond Upon Thames - Barnes Wetlands,2007-12-31,,,30.66715928508412,,40.49463866745659,,20.250373638245474,,,
477,Richmond Upon Thames - Barnes Wetlands,2008-12-31,,,28.84800458848034,,43.38299408840271,,19.281009021680863,,,
478,Richmond Upon Thames - Barnes Wetlands,2009-12-31,,,29.489470161825206,,41.424083452406165,,20.155916381117382,,,
479,Richmond Upon Thames - Barnes Wetlands,2010-12-31,,,29.618391365599116,,39.00647943198703,,19.347473759117594,,,
480,Richmond Upon Thames - Barnes Wetlands,2011-12-31,,,26.096519054039543,,40.742468877265594,,22.23501925138886,,,
481,Richmond Upon Thames - Barnes Wetlands,2012-12-31,,,24.830280125617655,,41.34380797073743,,18.088551458243174,,,
482,Richmond Upon Thames - Barnes Wetlands,2013-12-31,,,24.264865570173267,,44.333887148167896,,20.074034584622723,,,
483,Richmond Upon Thames - Barnes Wetlands,2014-12-31,,,25.047575660760323,,47.32743616366527,,16.383943340123597,,,
484,Richmond Upon Thames - Barnes Wetlands,2015-12-31,,,22.791999546059525,,46.61073841957151,,13.477029520632973,,,
485,Richmond Upon Thames - Barnes Wetlands,2016-12-31,,,25.455184268798654,,39.478707185512064,,16.28402156107691,,,
486,Richmond Upon Thames - Barnes Wetlands,2017-12-31,,,21.211983394471797,,43.24416341547551,,15.499793583327147,,,
487,Richmond Upon Thames - Barnes Wetlands,2018-12-31,,,20.51068114859317,,46.121205746773924,,14.470155539861711,,,
488,Richmond Upon Thames - Barnes Wetlands,2019-12-31,,,21.14941964002579,,44.39852762963253,,15.974509710804119,,,
489,Richmond Upon Thames - Barnes Wetlands,2020-12-31,,,13.418353740995151,,49.65423814806836,,15.285765655128285,,,
490,Richmond Upon Thames - Castelnau,2004-12-31,,,41.006143111257586,,,,24.419467339841745,,,
491,Richmond Upon Thames - Castelnau,2005-12-31,,,42.13464248658949,,,,24.523461491098047,,,
492,Richmond Upon Thames - Castelnau,2006-12-31,,,42.00335704613286,,,,23.670211943905706,,,
493,Richmond Upon Thames - Castelnau,2007-12-31,,,43.34014486014457,,,,22.905204124013043,,,
494,Richmond Upon Thames - Castelnau,2008-12-31,,,44.323390746753276,,,,21.021782337106583,,,
495,Richmond Upon Thames - Castelnau,2009-12-31,,,44.729850203174124,,,,21.247147048900494,,,
496,Richmond Upon Thames - Castelnau,2010-12-31,,,43.29416252916734,,,,20.809226188452413,,,
497,Richmond Upon Thames - Castelnau,2011-12-31,,,39.24253286897738,,,,23.20124551833181,,,
498,Richmond Upon Thames - Castelnau,2012-12-31,,,36.758160058714004,,,,20.855516452839158,,,
499,Richmond Upon Thames - Castelnau,2013-12-31,,,38.81631671200029,,,,22.44360610214693,,,
500,Richmond Upon Thames - Castelnau,2014-12-31,,,37.01533788262401,,,,19.285789924743803,,,
501,Richmond Upon Thames - Castelnau,2015-12-31,,,33.767962974016,,,,17.16121703291743,,,
502,Richmond Upon Thames - Castelnau,2016-12-31,,,36.230401731871936,,,,18.929573441967463,,,
503,Richmond Upon Thames - Castelnau,2017-12-31,,,30.993853522342288,,,,17.660237511054962,,,
504,Richmond Upon Thames - Castelnau,2018-12-31,,,31.00083527487652,,,,17.187440487824798,,,
505,Richmond Upon Thames - Castelnau,2019-12-31,,,27.042995145457038,,,,15.059155700575978,,,
506,Richmond Upon Thames - Castelnau,2020-12-31,,,18.520750349109278,,,,15.577557353145464,,,
507,Richmond Upon Thames - Chertsey Road,2016-12-31,,,42.351294114396836,,,,20.05872240836916,,,
508,Richmond Upon Thames - Chertsey Road,2017-12-31,,,36.45519174478595,,,,21.133705759916797,,,
509,Richmond Upon Thames - Chertsey Road,2018-12-31,,,34.31230670424115,,,,20.9084750477266,,,
510,Richmond Upon Thames - Chertsey Road,2019-12-31,,,35.50821659151069,,,,20.348498824870287,,,
511,Richmond Upon Thames - Chertsey Road,2020-12-31,,,23.751897866973867,,,,19.71544643816065,,,
512,SODC Henley,2012-12-31,,,39.61517749122809,,,,,,,
513,SODC Henley,2013-12-31,,,38.67270679005524,,,,,,,
514,SODC Henley,2014-12-31,,,37.783287829608916,,,,,,,
515,SODC Henley,2015-12-31,,,34.88668829905955,,,,,,,
516,SODC Henley,2016-12-31,,,37.269022657593126,,,,,,,
517,SODC Henley,2017-12-31,,,32.287009702380956,,,,,,,
518,SODC Henley,2018-12-31,,,31.45382816438357,,,,,,,
519,SODC Henley,2019-12-31,,,32.44498319260275,,,,,,,
520,SODC Henley,2020-12-31,,,21.999834038988087,,,,,,,
521,SODC Wallingford,2006-12-31,,,43.440983376923064,,,,,,,
522,SODC Wallingford,2007-12-31,,,48.12395232335328,,,,,,,
523,SODC Wallingford,2008-12-31,,,34.68269254661015,,,,,,,
524,SODC Wallingford,2009-12-31,,,31.538199048888888,,,,,,,
525,SODC Wallingford,2010-12-31,,,26.336550226141078,,,,,,,
526,SODC Wallingford,2011-12-31,,,35.25315695791246,,,,,,,
527,SODC Wallingford,2012-12-31,,,34.58826085014326,,,,,,,
528,SODC Wallingford,2013-12-31,,,43.366257049999994,,,,,,,
529,SODC Wallingford,2014-12-31,,,50.00496030513594,,,,,,,
530,SODC Wallingford,2015-12-31,,,40.49497588268155,,,,,,,
531,SODC Wallingford,2016-12-31,,,36.255431645161316,,,,,,,
532,SODC Wallingford,2017-12-31,,,35.539792679452034,,,,,,,
533,SODC Wallingford,2018-12-31,,,39.84709338016526,,,,,,,
534,SODC Wallingford,2019-12-31,,,37.445238441988955,,,,,,,
535,SODC Wallingford,2020-12-31,,,31.28320966517857,,,,,,,
536,SODC Watlington,2006-12-31,,,17.124974456896556,,,,,,,
537,SODC Watlington,2007-12-31,,,16.035398288109754,,,,,,,
538,SODC Watlington,2008-12-31,,,20.44700641597444,,,,,,,
539,SODC Watlington,2009-12-31,,,26.26077146969697,,,,,,,
540,SODC Watlington,2010-12-31,,,13.643496528500007,,,,,,,
541,SODC Watlington,2011-12-31,,,16.07895985737706,,,,,,,
542,SODC Watlington,2012-12-31,,,16.99018288225256,,,,,,,
543,SODC Watlington,2013-12-31,,,18.886912062695934,,,,,,,
544,SODC Watlington,2014-12-31,,,19.545848807373268,,,,,,,
545,SODC Watlington,2015-12-31,,,16.188425893258422,,,,,,,
546,SODC Watlington,2016-12-31,,,17.412146935158496,,,,,,,
547,SODC Watlington,2017-12-31,,,16.88223050984252,,,,,,,
548,SODC Watlington,2018-12-31,,,15.81736138237082,,,,,,,
549,SODC Watlington,2019-12-31,,,15.959405540059354,,,,,,,
550,SODC Watlington,2020-12-31,,,16.347471516932902,,,,,,,
551,Slough - The Hawthorns LP2,2019-12-31,0.12560647991333332,,11.402208831333336,,29.025600590666674,,,,,0.9558337831871841
552,Slough Brands Hill London Road,2017-12-31,,,37.82953148881546,,,,24.243592900155395,,,
553,Slough Brands Hill London Road,2018-12-31,,,41.983790662904035,,,,28.724209411768975,,,
554,Slough Brands Hill London Road,2019-12-31,,,39.19253764051635,,,,27.982791665756785,,,
555,Slough Brands Hill London Road,2020-12-31,,,26.68516528697395,,,,25.94573688747568,,,
556,Slough Chalvey,2005-12-31,,,48.443583207686196,,,,,,,
557,Slough Chalvey,2006-12-31,,,44.261411950395136,,,,,,,
558,Slough Chalvey,2007-12-31,,,50.99101962189929,,,,,,,
559,Slough Chalvey,2008-12-31,,,44.003206923002836,,,,,,,
560,Slough Chalvey,2009-12-31,,,40.582721051126406,,,,,,,
561,Slough Chalvey,2010-12-31,,,42.14422682860525,,,,,,,
562,Slough Chalvey,2011-12-31,,,44.31940310218828,,,,,,,
563,Slough Chalvey,2012-12-31,,,39.188115213288704,,,,,,,
564,Slough Chalvey,2013-12-31,,,37.71094229201683,,,,,,,
565,Slough Chalvey,2014-12-31,,,36.949555999125096,,,,,,,
566,Slough Chalvey,2015-12-31,,,36.89846085108344,,,,,,,
567,Slough Chalvey,2016-12-31,,,40.489245302822425,,,,,,,
568,Slough Chalvey,2017-12-31,,,35.381308798586836,,,,,,,
569,Slough Chalvey,2018-12-31,,,32.701393996882494,,,,,,,
570,Slough Chalvey,2019-12-31,,,32.75603009076796,,,,,,,
571,Slough Chalvey,2020-12-31,,,20.54677001664549,,,,,,,
572,Slough Colnbrook,2004-12-31,,,30.80143199637138,,,,22.236313254408724,,,
573,Slough Colnbrook,2005-12-31,,,31.072076499041966,,,,22.676001063518026,,,
574,Slough Colnbrook,2006-12-31,,,32.46597976064969,,,,24.063444556239126,,,
575,Slough Colnbrook,2007-12-31,,,32.98975684966564,,,,22.97719140193753,,,
576,Slough Colnbrook,2008-12-31,,,30.600568226815536,,,,21.244828374880058,,,
577,Slough Colnbrook,2009-12-31,,,29.1739060454837,,,,20.497234422525974,,,
578,Slough Colnbrook,2010-12-31,,,29.69054528063682,,,,18.126838193905293,,,
579,Slough Colnbrook,2011-12-31,,,29.980951763199172,,,,19.64120864064405,,,
580,Slough Colnbrook,2012-12-31,,,29.50136207045514,,,,19.399765987288564,,,
581,Slough Colnbrook,2013-12-31,,,29.648961404245878,,,,18.962952984705023,,,
582,Slough Colnbrook,2014-12-31,,,30.63808429230833,,,,17.989263747259606,,,
583,Slough Colnbrook,2015-12-31,,,28.452393115320866,,,,16.081695698089167,,,
584,Slough Colnbrook,2016-12-31,,,29.006766428190932,,,,17.58223221259615,,,
585,Slough Colnbrook,2017-12-31,,,25.2465610554081,,,,16.164636744014643,,,
586,Slough Colnbrook,2018-12-31,,,21.91572669462434,,,,17.52630948865814,,,
587,Slough Colnbrook,2019-12-31,,,24.514621863245576,,,,16.37688649169371,,,
588,Slough Colnbrook,2020-12-31,,,15.828418560287682,,,,17.13051064790716,,,
589,Slough Colnbrook Osiris,2005-12-31,,,,,,,33.65777673108669,11.006161462084394,,
590,Slough Colnbrook Osiris,2006-12-31,,,,,,,23.178547664350734,8.358368248658627,,
591,Slough Colnbrook Osiris,2007-12-31,,,,,,,25.886890013427745,9.192684133857048,,
592,Slough Colnbrook Osiris,2008-12-31,,,,,,,24.71440443614356,8.092537462537466,,
593,Slough Colnbrook Osiris,2009-12-31,,,,,,,28.29862988598705,8.805626629010082,,
594,Slough Colnbrook Osiris,2010-12-31,,,,,,,21.867288979959593,6.926226607857549,,
595,Slough Colnbrook Osiris,2011-12-31,,,,,,,39.397928106900714,10.903229012235872,,
596,Slough Colnbrook Osiris,2012-12-31,,,,,,,27.733137891243484,8.923948824265494,,
597,Slough Colnbrook Osiris,2013-12-31,,,,,,,29.344177341306384,9.335058590534615,,
598,Slough Colnbrook Osiris,2014-12-31,,,,,,,20.00024659998462,7.223249864250294,,
599,Slough Colnbrook Osiris,2015-12-31,,,,,,,19.505304344143997,6.928116107778756,,
600,Slough Colnbrook Osiris,2016-12-31,,,,,,,15.056922711280562,6.449860139651518,,
601,Slough Colnbrook Osiris,2017-12-31,,,,,,,15.72465782793972,7.034971975508619,,
602,Slough Colnbrook Osiris,2018-12-31,,,,,,,10.719086453260811,6.418600509466598,,
603,Slough Colnbrook Osiris,2019-12-31,,,,,,,14.868049368417616,6.927379654294574,,
604,Slough Colnbrook Osiris,2020-12-31,,,,,,,16.45075120900986,6.884694618454603,,
605,Slough Lakeside 1 Osiris,2005-12-31,,,,,,,28.153025564218893,9.227695905355482,,
606,Slough Lakeside 1 Osiris,2006-12-31,,,,,,,18.239049801800263,8.063636740856488,,
607,Slough Lakeside 1 Osiris,2007-12-31,,,,,,,22.12366149994355,10.059464757701939,,
608,Slough Lakeside 1 Osiris,2008-12-31,,,,,,,30.390676878980575,8.57200390461855,,
609,Slough Lakeside 1 Osiris,2009-12-31,,,,,,,30.394403672978633,9.258630394168229,,
610,Slough Lakeside 1 Osiris,2010-12-31,,,,,,,36.027856843859986,9.198387864686405,,
611,Slough Lakeside 1 Osiris,2011-12-31,,,,,,,38.935552687644396,12.208341206697728,,
612,Slough Lakeside 1 Osiris,2012-12-31,,,,,,,31.87225290479175,10.448869505475205,,
613,Slough Lakeside 1 Osiris,2013-12-31,,,,,,,18.616405630802596,7.462828000782183,,
614,Slough Lakeside 1 Osiris,2014-12-31,,,,,,,21.808302167994725,8.486278680995525,,
615,Slough Lakeside 1 Osiris,2015-12-31,,,,,,,18.729268277217596,7.126834102361683,,
616,Slough Lakeside 1 Osiris,2016-12-31,,,,,,,14.40024833962085,5.556286827375971,,
617,Slough Lakeside 1 Osiris,2017-12-31,,,,,,,13.668765450374195,5.622178064551982,,
618,Slough Lakeside 1 Osiris,2018-12-31,,,,,,,14.179111611672504,6.052725275831863,,
619,Slough Lakeside 1 Osiris,2019-12-31,,,,,,,12.00410658690408,6.442266448146311,,
620,Slough Lakeside 1 Osiris,2020-12-31,,,,,,,17.298690159293532,10.310536151219384,,
621,Slough Lakeside 2,2007-12-31,,,32.90906421242645,,,,21.985851256827022,,,
622,Slough Lakeside 2,2008-12-31,,,36.409227374813064,,,,25.386498154261858,,,
623,Slough Lakeside 2,2009-12-31,,,35.03603790860954,,,,23.004968220995117,,,
624,Slough Lakeside 2,2010-12-31,,,38.679123723361215,,,,18.322167988436554,,,
625,Slough Lakeside 2,2011-12-31,,,34.610895932754296,,,,24.365331195890484,,,
626,Slough Lakeside 2,2012-12-31,,,31.118042218876024,,,,19.61121852024217,,,
627,Slough Lakeside 2,2013-12-31,,,32.30148864071459,,,,20.44431004148782,,,
628,Slough Lakeside 2,2014-12-31,,,33.76606459093414,,,,16.180688913644172,,,
629,Slough Lakeside 2,2015-12-31,,,29.183995349743082,,,,13.911186594519904,,,
630,Slough Lakeside 2,2016-12-31,,,32.415705753273656,,,,15.176499328466752,,,
631,Slough Lakeside 2,2017-12-31,,,26.431879995462573,,,,14.003802209838694,,,
632,Slough Lakeside 2,2018-12-31,,,27.400940670476494,,,,13.639588528561843,,,
633,Slough Lakeside 2,2019-12-31,,,27.548123622767303,,,,14.957522791938134,,,
634,Slough Lakeside 2,2020-12-31,,,18.45383241087464,,,,14.696034623317225,,,
635,Slough Lakeside 2 Osiris,2007-12-31,,,,,,,120.53309119726089,11.081853989384111,,
636,Slough Lakeside 2 Osiris,2008-12-31,,,,,,,24.777835843760514,7.457970112079702,,
637,Slough Lakeside 2 Osiris,2009-12-31,,,,,,,41.99442617658745,9.658911349830598,,
638,Slough Lakeside 2 Osiris,2010-12-31,,,,,,,18.553019873681034,5.51357637785744,,
639,Slough Lakeside 2 Osiris,2011-12-31,,,,,,,37.288161897454636,9.958056619838226,,
640,Slough Lakeside 2 Osiris,2012-12-31,,,,,,,21.313062606895308,7.725802277432712,,
641,Slough Lakeside 2 Osiris,2013-12-31,,,,,,,24.543199627473783,9.746393584167606,,
642,Slough Lakeside 2 Osiris,2014-12-31,,,,,,,17.74636409227345,7.348010766302974,,
643,Slough Lakeside 2 Osiris,2015-12-31,,,,,,,10.81270037975664,5.262311079827458,,
644,Slough Lakeside 2 Osiris,2016-12-31,,,,,,,11.057451464247626,5.158973093691767,,
645,Slough Lakeside 2 Osiris,2017-12-31,,,,,,,16.92132209801045,7.284595618638292,,
646,Slough Lakeside 2 Osiris,2018-12-31,,,,,,,14.286434400279264,6.730222905076387,,
647,Slough Lakeside 2 Osiris,2019-12-31,,,,,,,14.050908884536817,6.644841322545226,,
648,Slough Lakeside 2 Osiris,2020-12-31,,,,,,,17.524748152265317,5.539779613263593,,
649,Slough Town Centre A4,2004-12-31,,,34.33469979296067,,,,25.46367933029876,,,
650,Slough Town Centre A4,2005-12-31,,,32.73940381821715,,,,25.118788797964005,,,
651,Slough Town Centre A4,2006-12-31,,,36.60944277085439,,,,26.744978386582304,,,
652,Slough Town Centre A4,2007-12-31,,,36.63542415502079,,,,24.5033454183001,,,
653,Slough Town Centre A4,2008-12-31,,,38.56141424120366,,,,24.752496402463336,,,
654,Slough Town Centre A4,2009-12-31,,,33.7677989870062,,,,22.998937497207464,,,
655,Slough Town Centre A4,2010-12-31,,,32.422933391717095,,,,18.663933175146873,,,
656,Slough Town Centre A4,2011-12-31,,,35.202858844550335,,,,21.81505481661195,,,
657,Slough Town Centre A4,2012-12-31,,,37.092191942672706,,,,19.89237562402176,,,
658,Slough Town Centre A4,2013-12-31,,,35.95688304277243,,,,21.230931497687216,,,
659,Slough Town Centre A4,2014-12-31,,,35.397723248545674,,,,20.478378960252424,,,
660,Slough Town Centre A4,2015-12-31,,,30.231744445936027,,,,18.41233503665492,,,
661,Slough Town Centre A4,2016-12-31,,,30.445989570099286,,,,18.418774888057833,,,
662,Slough Town Centre A4,2017-12-31,,,32.8451919207822,,,,17.238637418349565,,,
663,Slough Town Centre A4,2018-12-31,,,29.707734120131907,,,,16.458893890279604,,,
664,Slough Town Centre A4,2019-12-31,,,26.42114364881733,,,,18.192252319452074,,,
665,Slough Town Centre Wellington Street,2017-12-31,,,37.41863541824279,,,,,,,
666,Slough Town Centre Wellington Street,2018-12-31,,,35.529406892175544,,,,,,,
667,Slough Town Centre Wellington Street,2019-12-31,,,34.77111895710424,,,,,,,
668,Slough Town Centre Wellington Street,2020-12-31,,,23.743359691502015,,,,,,,
669,Slough Windmill Bath Road,2017-12-31,,,42.45913388884194,,,,21.337696619941532,,,
670,Slough Windmill Bath Road,2018-12-31,,,41.99631680626318,,,,24.642395256224052,,,
671,Slough Windmill Bath Road,2019-12-31,,,39.23348789528473,,,,23.465645412777228,,,
672,Slough Windmill Bath Road,2020-12-31,,,26.30509232023427,,,,19.388016200934526,,,
673,Spelthorne Sunbury Cross,2017-12-31,,,32.3941632996702,,,,13.263786718790445,8.127425701036115,,
674,Spelthorne Sunbury Cross,2018-12-31,,,32.67499623182954,,,,14.449201935867544,9.12682492204381,,
675,Spelthorne Sunbury Cross,2019-12-31,,,33.0625556336324,,,,15.709636374288907,9.868663899176171,,
676,Spelthorne Sunbury Cross,2020-12-31,,,22.70866649945153,,,,14.661943735612217,8.492751262031152,,
