,Nitrogen dioxide,Ozone,PM10 particulate matter (Hourly measured),PM2.5 particulate matter (Hourly measured),Sulphur dioxide,CCG
(Timest,64.90593400621117,,30.34542483660131,,13.844516708592133,Hammersmith and Fulham
(Timest,42.48016153381642,,17.60888394817743,,,Hammersmith and Fulham
(Timest,57.440031450550386,,23.602150537634405,,,Oxford
(Timest,,38.67578307620383,,,,Oxford
(Timest,39.65477602108036,28.162947851587404,,,,Watford
(Timest,,,21.57533863985477,,,Watford
(Timest,78.5432395644283,,30.822677154195013,,13.715187508120941,Hammersmith and Fulham
(Timest,43.14987838669951,,25.10113095238095,,,Hammersmith and Fulham
(Timest,67.15234902528756,,35.455067920585165,,,Oxford
(Timest,,37.974137931034484,,,,Oxford
(Timest,49.10027988651178,37.66243002837205,,,,Watford
(Timest,,,29.661725955204215,,,Watford
(Timest,88.47519036949839,,38.45374802850258,,13.255274852484472,Hammersmith and Fulham
(Timest,47.35828125000001,,30.3816715542522,,,Hammersmith and Fulham
(Timest,68.9162310340431,,33.13575268817205,,,Oxford
(Timest,,45.09116409537166,,,,Oxford
(Timest,45.52027816736792,43.93655445004771,,,,Watford
(Timest,,,33.665160015300266,,,Watford
(Timest,69.55056696428571,,18.49892857142857,,,Hammersmith and Fulham
(Timest,46.26174660326089,,24.915627946127948,,,Hammersmith and Fulham
(Timest,69.26073153899242,,27.215217391304346,,,Oxford
(Timest,,51.5388888888889,,,,Oxford
(Timest,44.21026570048309,50.64507026789635,,,,Watford
(Timest,,,25.99728260869565,,,Watford
(Timest,,,26.007403986332765,,,Hammersmith and Fulham
(Timest,38.657639508928575,,23.69032522429262,,,Hammersmith and Fulham
(Timest,69.631162084399,,33.32552083333333,,,Oxford
(Timest,,46.887096774193566,,,,Oxford
(Timest,42.67806217858813,44.71318373071527,,,,Watford
(Timest,,,26.009759233286584,,,Watford
(Timest,,,24.278234081580763,,,Hammersmith and Fulham
(Timest,26.030984375,,16.278428853754942,,,Hammersmith and Fulham
(Timest,58.2602004999831,,22.62209383753502,,,Oxford
(Timest,,47.20050505050505,,,,Oxford
(Timest,29.673526570048306,47.13707070707071,,,,Watford
(Timest,,,16.88715415019763,,,Watford
(Timest,58.46081917916676,,29.527997980855123,,5.205596807539683,Hammersmith and Fulham
(Timest,26.93392028150672,,18.725993788819878,,,Hammersmith and Fulham
(Timest,59.09372012224501,,24.283719027582983,,,Oxford
(Timest,,44.37173579109063,,,,Oxford
(Timest,32.68259790700183,41.682795698924735,,,,Watford
(Timest,,,17.913721253279828,,,Watford
(Timest,98.5897862020881,,33.2257416902602,,6.26951470798914,Hammersmith and Fulham
(Timest,34.65609375,,21.595582047685838,,,Hammersmith and Fulham
(Timest,55.77599508795499,,26.04498956707932,,,Oxford
(Timest,,49.487538427755815,,,,Oxford
(Timest,30.210963066853672,47.688522674146796,,,,Watford
(Timest,,,23.123044965786896,,,Watford
(Timest,65.07028432413016,,30.790088088240264,,4.022235446428571,Hammersmith and Fulham
(Timest,36.435249999999996,,22.29124349080871,,,Hammersmith and Fulham
(Timest,59.06040190571757,,29.14949433178148,,,Oxford
(Timest,,40.23080808080808,,,,Oxford
(Timest,30.098067632850245,39.4876811594203,,,,Watford
(Timest,,,21.870893719806766,,,Watford
(Timest,84.00328622770989,,29.0961064360293,,2.8163546366793555,Hammersmith and Fulham
(Timest,37.94887513148667,,18.431790556334736,,,Hammersmith and Fulham
(Timest,56.15986458334451,,23.3343267882188,,,Oxford
(Timest,,34.35063113604489,,,,Oxford
(Timest,32.93567588325653,30.03979970965282,,,,Watford
(Timest,,,18.428046918326128,,,Watford
(Timest,78.74949122321237,,32.03236946120242,,6.85436749969542,Hammersmith and Fulham
(Timest,52.47598573369565,,23.27515700483092,,,Hammersmith and Fulham
(Timest,74.68722002635043,,27.667736369910276,,,Oxford
(Timest,,23.296933621933626,,,,Oxford
(Timest,43.669583333333335,17.587913043478263,,,,Watford
(Timest,,,25.729638779095303,,,Watford
(Timest,82.30052241847825,,35.55362133036045,,16.5568962784104,Hammersmith and Fulham
(Timest,52.96919771213184,,26.87425432445067,,,Hammersmith and Fulham
(Timest,67.11285768929528,,27.637253635491255,,,Oxford
(Timest,,25.410121552127162,,,,Oxford
(Timest,45.60448807854137,17.97662459093034,,,,Watford
(Timest,,,29.549242424242422,,,Watford
(Timest,73.72909955959521,,23.84652873657431,,7.3865889370902735,Hammersmith and Fulham
(Timest,37.2747324246143,,16.59727223351409,,,Hammersmith and Fulham
(Timest,52.68807287460864,,24.23897049777318,,,Oxford
(Timest,,43.90042075736327,,,,Oxford
(Timest,34.080681882399986,40.168542093717406,,,,Watford
(Timest,,,19.762083166430994,,,Watford
(Timest,59.134455650327936,,29.245886387163555,,3.8312082522765576,Hammersmith and Fulham
(Timest,45.080072544642846,,22.269545807453408,,,Hammersmith and Fulham
(Timest,64.98828933747413,,29.50956632653061,,,Oxford
(Timest,,36.074404761904766,,,,Oxford
(Timest,42.42104136805224,33.94832251082251,,,,Watford
(Timest,,,22.551753952569175,,,Watford
(Timest,71.08443540019762,,40.08228864734299,,7.009015246122845,Hammersmith and Fulham
(Timest,47.751901735624116,,30.67325993007509,,,Hammersmith and Fulham
(Timest,49.99485681205047,,36.10471014492754,,,Oxford
(Timest,,41.28763440860215,,,,Oxford
(Timest,60.132187500000015,,68.08402777777776,,,Hammersmith and Fulham
(Timest,43.65842683496961,36.34855922478643,,,,Watford
(Timest,,,35.916783543712015,,,Watford
(Timest,82.94746821367276,,37.2879494478951,,10.712158903061225,Hammersmith and Fulham
(Timest,44.41096939405704,,26.534466905901116,,,Hammersmith and Fulham
(Timest,43.96636407071191,,25.943055555555556,,,Oxford
(Timest,,48.63080808080808,,,,Oxford
(Timest,54.91444633152173,,35.1007306763285,,,Hammersmith and Fulham
(Timest,42.84345410628019,44.100120772946866,,,,Watford
(Timest,,,28.25579710144927,,,Watford
(Timest,67.5955742410202,,28.31328254494454,,5.096017377112134,Hammersmith and Fulham
(Timest,29.01496530473602,,18.909302536231884,,,Hammersmith and Fulham
(Timest,40.05213930529499,,22.634984639016896,,,Oxford
(Timest,,57.00363381359173,,,,Oxford
(Timest,34.898285632889205,,25.285407900888263,,,Hammersmith and Fulham
(Timest,30.10822814399252,55.48667601683029,,,,Watford
(Timest,,,19.926221833882092,,,Watford
(Timest,71.69671464613525,,32.32742534036012,,6.95764290700483,Hammersmith and Fulham
(Timest,30.509560461956532,,23.719085748792267,,,Hammersmith and Fulham
(Timest,42.131127109605366,,22.71757246376812,,,Oxford
(Timest,,45.83611111111111,,,,Oxford
(Timest,38.98910546607997,,30.290392512077297,,,Hammersmith and Fulham
(Timest,31.743280632411068,44.64244620114187,,,,Watford
(Timest,,,22.554455726682114,,,Watford
(Timest,58.97044559041502,,30.113970525734203,,5.190462662459094,Hammersmith and Fulham
(Timest,28.32638004259941,,21.310182935344226,,,Hammersmith and Fulham
(Timest,50.63268838454673,,23.448924731182792,,,Oxford
(Timest,,43.282258064516114,,,,Oxford
(Timest,32.15460094590717,,28.470203032124488,,,Hammersmith and Fulham
(Timest,28.462457482993198,39.414275696253256,,,,Watford
(Timest,,,23.277910685805427,,,Watford
(Timest,63.08889297183796,,29.93841674104297,,6.302678812362252,Hammersmith and Fulham
(Timest,35.13434851198066,,22.510509930634313,,,Hammersmith and Fulham
(Timest,50.86890569692112,,21.432291666666668,,,Oxford
(Timest,,38.35624679979518,,,,Oxford
(Timest,34.501848992960056,,28.804770912817897,,,Hammersmith and Fulham
(Timest,34.63990713587488,29.21505376344086,,,,Watford
(Timest,,,22.832510440643237,,,Watford
(Timest,77.71087063915283,,35.643178340248284,,8.976782251950947,Hammersmith and Fulham
(Timest,40.509671875,,26.297259316770177,,,Hammersmith and Fulham
(Timest,49.44034914361002,,,,,Oxford
(Timest,,36.73055555555557,,,,Oxford
(Timest,46.08285469014681,,36.11592995169082,,,Hammersmith and Fulham
(Timest,35.083514492753615,30.43586956521739,,,,Watford
(Timest,,,25.922347159753453,,,Watford
(Timest,86.78087564946449,,37.47536338135916,,7.655049371497583,Hammersmith and Fulham
(Timest,41.06106876753155,,26.895196353436194,,,Hammersmith and Fulham
(Timest,46.38684448907679,,28.05166666666667,,,Oxford
(Timest,,31.827160493827158,,,,Oxford
(Timest,45.02486186594202,,41.5962220549177,,,Hammersmith and Fulham
(Timest,39.42110799438989,28.18456302151955,,,,Watford
(Timest,,,27.263819116834547,,,Watford
(Timest,87.64448165760868,,35.06984244620115,,19.52418576388889,Hammersmith and Fulham
(Timest,52.270426630434784,,26.047335858585857,,,Hammersmith and Fulham
(Timest,54.854727398205654,,28.63125,,,Oxford
(Timest,,27.880555555555564,,,,Oxford
(Timest,49.56647599180208,21.27109134826527,,,,Watford
(Timest,,,25.82755050505051,,,Watford
(Timest,83.36693875794613,,30.796442763641217,,10.61995930832298,Hammersmith and Fulham
(Timest,48.570479407446,,21.62606323359719,,,Hammersmith and Fulham
(Timest,46.34999696423258,,18.825778388278387,,,Oxford
(Timest,,25.024115630356867,,,,Oxford
(Timest,43.47697522206638,17.259467040673215,,,,Watford
(Timest,,,23.490756400737016,,,Watford
(Timest,78.30009361168284,,33.20984317225551,,7.890621935483869,Hammersmith and Fulham
(Timest,46.225969933380085,,23.232030154277698,,,Hammersmith and Fulham
(Timest,47.06013323983171,,31.489247311827963,,,Oxford
(Timest,,26.68279569892473,,,,Oxford
(Timest,41.254434244265944,20.735433780805444,,,,Watford
(Timest,,,29.210531949934126,,,Watford
(Timest,74.7822707575978,,31.153497317899497,,7.624105012909698,Hammersmith and Fulham
(Timest,49.393443080357144,,23.615327380952376,,,Hammersmith and Fulham
(Timest,55.85888975155279,,39.62525879917183,,,Oxford
(Timest,,41.163690476190474,,,,Oxford
(Timest,42.03739926644675,32.52070393374741,,,,Watford
(Timest,,,30.94196428571429,,,Watford
(Timest,82.46194032781733,,28.530820476858345,,5.9846809626661335,Hammersmith and Fulham
(Timest,43.66386142676767,,20.53838553335398,,,Hammersmith and Fulham
(Timest,50.22876548738618,,29.766984359726294,,,Oxford
(Timest,,60.12540792540791,,,,Oxford
(Timest,37.662809724170174,51.413744740532955,,,,Watford
(Timest,,,22.805329868735672,,,Watford
(Timest,76.72125407608695,,26.230388129560122,,4.374529240942028,Hammersmith and Fulham
(Timest,36.93821671195653,,21.43989734299517,,,Hammersmith and Fulham
(Timest,56.05863526570048,,23.760261949770452,,,Oxford
(Timest,,58.24166666666667,,,,Oxford
(Timest,37.5219806763285,49.27705314009661,,,,Watford
(Timest,,,22.036530679465457,,,Watford
(Timest,81.40858133845465,,27.278323558162267,,4.716550989364188,Hammersmith and Fulham
(Timest,32.80142027524544,,21.16586605890603,,,Hammersmith and Fulham
(Timest,50.92681523712379,,25.90614478114478,,,Oxford
(Timest,,50.13191593352882,,,,Oxford
(Timest,33.95155446470313,47.229546517064044,,,,Watford
(Timest,,,21.20925914120164,,,Watford
(Timest,86.97801278409091,,30.30335137085137,,5.551052836956521,Hammersmith and Fulham
(Timest,35.524953124999996,,24.780716374269012,,,Hammersmith and Fulham
(Timest,68.54006916996046,,32.88929256444736,,,Oxford
(Timest,,55.65700483091788,,,,Oxford
(Timest,39.84849033816425,53.6183574879227,,,,Watford
(Timest,,,24.503804347826083,,,Watford
(Timest,87.19858890194017,,35.2427360916316,,8.09437942847125,Hammersmith and Fulham
(Timest,36.73939099754558,,28.666006311360448,,,Hammersmith and Fulham
(Timest,70.38153448935358,,33.949509116409544,,,Oxford
(Timest,,63.5426267281106,,,,Oxford
(Timest,36.30779569892473,61.31410174678058,,,,Watford
(Timest,,,26.837861660079056,,,Watford
(Timest,54.72176673114928,,22.628084127260916,,2.330683666544224,Hammersmith and Fulham
(Timest,30.104806006493504,,15.122718544895966,,,Hammersmith and Fulham
(Timest,61.6810271646859,,24.60366993922393,,,Oxford
(Timest,,32.475168350168346,,,,Oxford
(Timest,30.863181932606903,31.60291473370015,,,,Watford
(Timest,,,16.578377917372485,,,Watford
(Timest,90.24048472790797,,31.76909542751934,,6.193602216097308,Hammersmith and Fulham
(Timest,34.88984374999999,,22.73857142857143,,,Hammersmith and Fulham
(Timest,55.818933904259985,,25.8,,,Oxford
(Timest,,39.15057369101486,,,,Oxford
(Timest,36.00694444444445,33.14565217391305,,,,Watford
(Timest,,,19.375009203706288,,,Watford
(Timest,89.94983060133241,,31.248679820646863,,6.197524084268349,Hammersmith and Fulham
(Timest,37.95830798562413,,21.975,,,Hammersmith and Fulham
(Timest,54.00096946433406,,25.77232351566153,,,Oxford
(Timest,,36.10425432445068,,,,Oxford
(Timest,34.153591682419666,29.046628859483302,,,,Watford
(Timest,,,21.928720704582773,,,Watford
(Timest,101.45756960227273,,34.06328941589812,,6.755462127415461,Hammersmith and Fulham
(Timest,45.12680027173913,,23.517822463768127,,,Hammersmith and Fulham
(Timest,55.08985507246377,,24.78531510759772,,,Oxford
(Timest,,37.92560386473429,,,,Oxford
(Timest,43.642354445071824,,,,,Reading
(Timest,40.04290890269151,28.990800865800868,,,,Watford
(Timest,,,24.48377909530084,,,Watford
(Timest,94.48651510398142,,30.601701535650932,,6.839128776297335,Hammersmith and Fulham
(Timest,40.70591733870968,,22.733198924731184,,,Hammersmith and Fulham
(Timest,44.20115626542697,,22.07704701796567,,,Oxford
(Timest,,42.09286412512219,,,,Oxford
(Timest,35.573559764309756,,,,,Reading
(Timest,37.469086021505376,31.589644693782144,,,,Watford
(Timest,,,22.455452681960395,,,Watford
(Timest,84.92807939803009,,21.61107401616371,,5.315646810528559,Hammersmith and Fulham
(Timest,34.301881136044884,,15.556545645798803,,,Hammersmith and Fulham
(Timest,49.9898316970547,,20.545698924731177,,,Oxford
(Timest,,52.32524857875489,,,,Oxford
(Timest,27.823882230439036,,,,,Reading
(Timest,33.31765581555572,38.125734578897635,,,,Watford
(Timest,,,16.34905303030303,,,Watford
(Timest,99.70701870286162,,31.084808488612843,,6.923163601190475,Hammersmith and Fulham
(Timest,47.34092075892857,,22.662085921325055,,,Hammersmith and Fulham
(Timest,62.27581521739131,,30.412267080745345,,,Oxford
(Timest,,36.15059523809523,,,,Oxford
(Timest,56.22793972332016,,15.829443173150265,,,Reading
(Timest,47.72362736900781,29.392801685891747,,,,Watford
(Timest,,,26.647496357641288,,,Watford
(Timest,84.71149026179818,,33.71359321779203,,1.9875327006202335,Hammersmith and Fulham
(Timest,40.231416552197814,,30.441786731267793,,,Hammersmith and Fulham
(Timest,58.85811126694717,,31.801075268817204,,,Oxford
(Timest,,53.342173860849556,,,,Oxford
(Timest,54.592066498316505,,30.43051075268817,,,Reading
(Timest,37.160004675081815,48.36095881677928,,,,Watford
(Timest,,,31.54301075268817,,,Watford
(Timest,74.84580298913043,,36.11268115942029,,,Hammersmith and Fulham
(Timest,43.87646874999999,,34.836288138825324,,,Hammersmith and Fulham
(Timest,72.78666556873077,,30.256219806763283,,,Oxford
(Timest,,52.03888888888888,,,,Oxford
(Timest,42.496972128113434,,36.52555072463768,,,Reading
(Timest,43.100724637681154,53.23115942028985,,,,Watford
(Timest,,,34.90627731769036,,,Watford
(Timest,74.93420209502106,,,,,Hammersmith and Fulham
(Timest,28.168785299115324,,16.406866526414213,,,Hammersmith and Fulham
(Timest,51.204253261932095,,20.627482555018787,,,Oxford
(Timest,,48.34677419354838,,,,Oxford
(Timest,33.37786735821448,,22.370430107526886,,,Reading
(Timest,29.74450677886863,55.55715287517531,,,,Watford
(Timest,,,16.665480708412396,,,Watford
(Timest,85.69307546936759,,,,,Hammersmith and Fulham
(Timest,28.709074166041976,,20.968821839080455,,,Hammersmith and Fulham
(Timest,53.91039415898113,,26.403423870815168,,,Oxford
(Timest,,41.08769841269842,,,,Oxford
(Timest,35.182493961352655,,26.719776570048307,,,Reading
(Timest,31.783838383838386,54.05277777777777,,,,Watford
(Timest,,,20.391398637594293,,,Watford
(Timest,77.93388164320777,,,,,Hammersmith and Fulham
(Timest,23.554824246143056,,13.00800023375409,,,Hammersmith and Fulham
(Timest,50.431913808491664,,20.49194444444444,,,Oxford
(Timest,,41.08717357910905,,,,Oxford
(Timest,22.583069112676863,,17.992930175884723,,,Reading
(Timest,26.523984839377547,49.0658238701717,,,,Watford
(Timest,,,13.540122547539319,,,Watford
(Timest,75.73859879032258,,18.872226005026516,,,Hammersmith and Fulham
(Timest,26.325584742351047,,15.34578317102472,,,Hammersmith and Fulham
(Timest,55.06458291591531,,23.264296187683282,,,Oxford
(Timest,,41.17187499999999,,,,Oxford
(Timest,19.36276078476389,,50.947940575665115,,,Reading
(Timest,36.97973903924131,39.95314892592296,,,,Watford
(Timest,,,16.810771591245196,,,Watford
(Timest,69.88692228662454,,22.202151039379306,,,Hammersmith and Fulham
(Timest,31.040225542007814,,18.970532748331717,,,Hammersmith and Fulham
(Timest,53.30862663906142,,26.698934837092732,,,Oxford
(Timest,,33.303030303030305,,,,Oxford
(Timest,50.16854354884248,,21.527693236714974,,,Reading
(Timest,,21.627922584238373,,,,Watford
(Timest,,,18.34260001507444,,,Watford
(Timest,87.77321068548387,,34.85434699125092,,,Hammersmith and Fulham
(Timest,50.07649675666199,,28.6773415393322,,,Hammersmith and Fulham
(Timest,67.94109396914446,,28.93787985039739,,,Oxford
(Timest,,19.15591397849462,,,,Oxford
(Timest,64.02558757278254,,31.77916666666666,,,Reading
(Timest,66.45225856157067,,,,,Reading
(Timest,,,30.842712248341545,,,Watford
(Timest,88.80932812500001,,30.350237956487955,,,Hammersmith and Fulham
(Timest,49.78932744565217,,22.35987922705313,,,Hammersmith and Fulham
(Timest,66.82753623188404,,26.033574879227054,,,Oxford
(Timest,,28.108333333333338,,,,Oxford
(Timest,47.44271016061233,,21.224859295294074,,,Reading
(Timest,62.59123184239131,,,,,Reading
(Timest,,,23.977018550988806,,,Watford
(Timest,89.68005544354841,,33.893378915381014,,,Hammersmith and Fulham
(Timest,45.79975916023842,,25.671028684966274,,,Hammersmith and Fulham
(Timest,56.48548387096776,,26.067661184070726,,,Oxford
(Timest,,33.2270283479961,,,,Oxford
(Timest,48.05138306394693,,24.62829966329966,,,Reading
(Timest,74.03534528694554,,,,,Reading
(Timest,50.04151021156379,,36.082138061214145,,,Reading
(Timest,,,28.63674437219319,,,Watford
(Timest,103.44579565092165,,27.053541979010493,,,Hammersmith and Fulham
(Timest,34.57542592291124,,17.848161976911978,,,Hammersmith and Fulham
(Timest,44.88696927196224,,22.451092269114707,,,Oxford
(Timest,,44.63930074133441,,,,Oxford
(Timest,40.9289043384152,,19.643588762803343,,,Reading
(Timest,50.368769935664496,,,,,Reading
(Timest,37.161705236091635,,25.890212281679673,,,Reading
(Timest,,,19.250795877023087,,,Watford
(Timest,111.17891278048475,,46.755762620837814,,,Hammersmith and Fulham
(Timest,59.25918005671078,,38.82330340114431,,,Hammersmith and Fulham
(Timest,73.17562322734736,,33.139305347326335,,,Oxford
(Timest,,32.58045977011494,,,,Oxford
(Timest,53.62951461143616,,34.07580138502177,,,Reading
(Timest,72.56636079724849,,,,,Reading
(Timest,52.19024442456397,,41.20135467980295,,,Reading
(Timest,50.48843873517786,,34.2712605800628,,,Watford
(Timest,67.8954486677116,,,,,Hammersmith and Fulham
(Timest,36.37468514307898,,20.817237691711995,,,Hammersmith and Fulham
(Timest,54.410875940328964,,25.03903693314633,,,Oxford
(Timest,,57.424731182795696,,,,Oxford
(Timest,31.827630796038935,,15.940546594982077,,,Reading
(Timest,56.76840693471986,,,,,Reading
(Timest,33.90472767648433,,19.812868480725623,,,Reading
(Timest,34.96431531301798,,17.98144590885603,,,Watford
(Timest,74.30182572032436,,,,,Hammersmith and Fulham
(Timest,36.73089062499999,,27.66443067592414,,,Hammersmith and Fulham
(Timest,58.63552449965493,,24.80833333333333,,,Oxford
(Timest,,51.541666666666664,,,,Oxford
(Timest,37.34839285714286,,25.03266811087463,,,Reading
(Timest,60.565791062198066,,,,,Reading
(Timest,37.002803030303035,,29.245207509881418,,,Reading
(Timest,36.99277805527806,,24.793266359244623,,,Watford
(Timest,66.13754032258063,,,,,Hammersmith and Fulham
(Timest,41.21124251095153,,33.058948410168604,,,Hammersmith and Fulham
(Timest,61.11755233494364,,27.863425925925927,,,Oxford
(Timest,,60.6043010752688,,,,Oxford
(Timest,51.69094479354205,,26.34486178924798,,,Reading
(Timest,64.89940581200189,,29.50075947603121,,,Reading
(Timest,42.06760752688172,,34.2162570861678,,,Reading
(Timest,37.16666666666667,,30.424112536004476,,,Watford
(Timest,60.81031657608696,,,,,Hammersmith and Fulham
(Timest,26.678506927854755,,19.684010210803695,,,Hammersmith and Fulham
(Timest,49.82513175230567,,25.17813146997929,,,Oxford
(Timest,,48.02301587301587,,,,Oxford
(Timest,29.08845133750054,,19.347942191215214,,,Reading
(Timest,47.71629150197628,,21.043472222222224,,,Reading
(Timest,24.746469907407405,,24.34666666666667,,,Reading
(Timest,25.36785714285714,,19.841214867589546,,,Watford
(Timest,71.17070564516128,,,,,Hammersmith and Fulham
(Timest,26.322759467040672,,16.483088954056694,,,Hammersmith and Fulham
(Timest,44.34098155467721,,23.892473118279575,,,Oxford
(Timest,,47.20698924731183,,,,Oxford
(Timest,34.66444643302091,,20.272900914360022,,,Reading
(Timest,43.167884728161305,,20.72065134099617,,,Reading
(Timest,25.524462365591393,,21.10890718408575,,,Reading
(Timest,22.895775099141158,,16.190948252308704,,,Watford
(Timest,69.84568469495092,,,,,Hammersmith and Fulham
(Timest,27.07497776679842,,14.338306982872199,,,Hammersmith and Fulham
(Timest,39.027492314448835,,20.18362749919552,,,Oxford
(Timest,,39.23908793403884,,,,Oxford
(Timest,30.691026313550477,,28.39897909133617,,,Reading
(Timest,37.29446488527835,,21.164650537634408,,,Reading
(Timest,21.644941728444536,,21.66347914203114,,,Reading
(Timest,18.298503973819543,,13.849230514006521,,,Watford
(Timest,67.63131250000002,,,,,Hammersmith and Fulham
(Timest,39.34039500562219,,22.13592948717949,,,Hammersmith and Fulham
(Timest,53.45483640755379,,26.54285714285714,,,Oxford
(Timest,,27.175000000000004,,,,Oxford
(Timest,44.41479554865423,,31.030570652173918,,,Reading
(Timest,55.69142182696531,,27.770323129251697,,,Reading
(Timest,35.186512026620726,,28.415878846291136,,,Reading
(Timest,30.774687592428272,,21.671352343308865,,,Watford
(Timest,84.87435793803847,,27.457942645246295,,,Hammersmith and Fulham
(Timest,40.696800906404256,,16.44018986368446,,,Hammersmith and Fulham
(Timest,51.590521271622244,,22.38990182328191,,,Oxford
(Timest,,29.123411534701855,,,,Oxford
(Timest,39.82582398316971,,22.14829943899018,,,Reading
(Timest,56.768809690776735,,20.494489247311826,,,Reading
(Timest,33.666216690042084,,23.113688970211747,,,Reading
(Timest,36.19694616977226,,16.2730449657869,,,Watford
(Timest,41.376937500000004,,16.672727272727276,,,Hammersmith and Fulham
(Timest,40.157571763834,,17.545223429951687,,,Hammersmith and Fulham
(Timest,55.09317632850241,,22.802777777777774,,,Oxford
(Timest,,28.64396135265701,,,,Oxford
(Timest,37.80315217391305,,20.93911231884059,,,Reading
(Timest,57.55174791452569,,20.400833333333328,,,Reading
(Timest,35.65162439613527,,22.462815865048835,,,Reading
(Timest,35.975181159420295,,17.309107378129116,,,Watford
(Timest,56.328339145256926,,22.07177313102979,,,Hammersmith and Fulham
(Timest,67.96150567250312,,24.179130009775164,,,Oxford
(Timest,,28.392930001275026,,,,Oxford
(Timest,42.541097543760586,,25.649583333333336,,,Reading
(Timest,63.93185383514492,,22.977483660130723,,,Reading
(Timest,43.41390269151141,,26.70743073316283,,,Reading
(Timest,41.579301075268816,,21.62761075997401,,,Watford
(Timest,50.33713471889952,,20.22278196785961,,,Hammersmith and Fulham
(Timest,51.08537376048818,,25.401823281907433,,,Oxford
(Timest,,31.34143170838823,,,,Oxford
(Timest,53.75115123889668,,31.7809724170173,,,Reading
(Timest,62.55754971242933,,26.259741701729777,,,Reading
(Timest,53.45758797653958,,31.684316933879675,,,Reading
(Timest,49.596774193548384,,26.580645161290324,,,Watford
(Timest,69.61458333333334,,22.693939393939395,,,Oxford
(Timest,,32.164172783737996,,,,Oxford
(Timest,47.31057379473528,,23.970987688553684,,,Reading
(Timest,64.03992939967836,,22.02440476190476,,,Reading
(Timest,45.24144668737059,,26.41054902681896,,,Reading
(Timest,53.06499391912436,,24.882549407114624,,,Watford
(Timest,63.35431276297335,,31.26144467448815,,,Oxford
(Timest,,54.40819485174324,,,,Oxford
(Timest,45.55714168837241,,26.6731007480131,,,Reading
(Timest,57.81159741855794,,22.375806451612906,,,Reading
(Timest,38.73541482923556,,29.054170165171122,,,Reading
(Timest,45.17782842449743,,27.314068100358423,,,Watford
(Timest,54.6199275362319,,26.034129336846732,,,Oxford
(Timest,,58.063095238095244,,,,Oxford
(Timest,46.0453170036624,,31.132916666666656,,,Reading
(Timest,54.986012282992974,,23.14558982683983,,,Reading
(Timest,38.51199926588994,,30.763870772946856,,,Reading
(Timest,41.74785353535354,,29.49662698412698,,,Watford
(Timest,44.941444600280505,,23.627666921671125,,,Oxford
(Timest,,64.08064516129032,,,,Oxford
(Timest,34.50580455252028,,27.034199134199135,,,Reading
(Timest,39.00374803434061,,18.284870266479665,,,Reading
(Timest,27.078288495048675,,24.54257213638144,,,Reading
(Timest,26.82883356708742,,20.523093841642225,,,Watford
(Timest,58.86668313570489,,27.33596837944664,,,Oxford
(Timest,,58.48174603174603,,,,Oxford
(Timest,48.37149930986888,,26.632083333333323,,,Reading
(Timest,51.80740491326883,,19.514767973856213,,,Reading
(Timest,32.68298309178744,,22.898354700854707,,,Reading
(Timest,35.13876009256444,,20.208845029239757,,,Watford
(Timest,45.466908212560384,,22.305001275022317,,,Oxford
(Timest,,47.97726574500768,,,,Oxford
(Timest,32.70085317438055,,26.86862003780719,,,Reading
(Timest,31.051413702239792,,19.216931782209556,,,Reading
(Timest,22.548556568489943,,19.601478494623656,,,Reading
(Timest,23.793426197458462,,15.672200111716238,,,Watford
(Timest,,,22.987034996326724,,,Oxford
(Timest,,45.76344086021506,,,,Oxford
(Timest,34.66890486208508,,31.527698412698417,,,Reading
(Timest,37.01724106981082,,17.355779569892473,,,Reading
(Timest,28.593776297335204,,20.139209788144974,,,Reading
(Timest,29.434139784946233,,16.689760508308897,,,Watford
(Timest,60.04931561996779,,28.9990110734676,,,Oxford
(Timest,,42.0548309178744,,,,Oxford
(Timest,41.34616955266956,,29.462837615283267,,,Reading
(Timest,49.40097998619737,,22.40892240012979,,,Reading
(Timest,30.303775581906017,,22.89359903381643,,,Reading
(Timest,33.55573671497584,,20.20916666666666,,,Watford
(Timest,61.22802711547453,,33.241866420162346,,,Oxford
(Timest,,28.21935483870968,,,,Oxford
(Timest,56.5924497025479,,29.77100661625709,,,Reading
(Timest,52.41150177844362,,26.654569892473116,,,Reading
(Timest,39.80752688172043,,26.055691912108458,,,Reading
(Timest,48.28500467508182,,22.90475583322708,,,Watford
(Timest,36.94196859903382,,18.755555555555556,,,Oxford
(Timest,,49.40821256038647,,,,Oxford
(Timest,46.08558576328503,,23.14902329192547,,,Reading
(Timest,47.352276570048296,,23.328867173556088,,,Reading
(Timest,32.91847222222222,,22.109170875420876,,,Reading
(Timest,36.93888888888888,,18.5559146961607,,,Watford
(Timest,57.004374540840175,,18.630153215181263,,,Oxford
(Timest,,44.233333333333334,,,,Oxford
(Timest,56.203869414470795,,21.488202380952377,,,Reading
(Timest,65.14082367941056,,24.865525252525252,,,Reading
(Timest,49.716109903381636,,22.776744528619528,,,Reading
(Timest,47.6236559139785,,19.333717357910906,,,Watford
(Timest,66.75388031790557,,25.20173509286413,,,Oxford
(Timest,51.86154437077648,,26.30172393641889,,,Reading
(Timest,63.71702948930043,,27.90040707587383,,,Reading
(Timest,48.129210662525885,,28.55615726729165,,,Reading
(Timest,50.94232649071357,,27.609831029185866,,,Watford
(Timest,65.74853801169591,,26.06630024737168,,,Oxford
(Timest,53.17289312394128,,21.88115942028986,,,Reading
(Timest,68.31482638864243,,26.075148809523807,,,Reading
(Timest,46.463994565217384,,25.64233630952381,,,Reading
(Timest,47.11500850340136,,20.81891704310183,,,Watford
(Timest,73.29468599033815,,26.83160522273426,,,Oxford
(Timest,,51.266650062008026,,,,Oxford
(Timest,44.192150670767994,,26.493105629348516,,,Reading
(Timest,59.2493045822177,,25.078436574120307,,,Reading
(Timest,42.28568256194484,,27.142741935483876,,,Reading
(Timest,42.536757830762035,,22.704178885630498,,,Watford
(Timest,68.76721014492753,,35.44616776741777,,,Oxford
(Timest,,57.26544391281234,,,,Oxford
(Timest,42.27796618357489,,28.785682916117697,,,Reading
(Timest,60.57883080463385,,28.90882333184057,,,Reading
(Timest,39.88348484848485,,27.729288499025333,,,Reading
(Timest,45.00694444444444,,29.034595959595958,,,Watford
(Timest,54.91243253006927,,24.32988084692797,,,Oxford
(Timest,,61.69546850998465,,,,Oxford
(Timest,45.336728107238244,,25.7000525946704,,,Reading
(Timest,52.11944940286454,,23.36688172043011,,,Reading
(Timest,33.554643620268614,,21.866551401497052,,,Reading
(Timest,34.79185867895545,,22.754382889200564,,,Watford
(Timest,53.593871246195086,,23.413482219928998,,,Oxford
(Timest,,59.24616820377692,,,,Oxford
(Timest,52.43141426400322,,27.50834771629336,,,Reading
(Timest,51.95865791634513,,25.560372915046237,,,Reading
(Timest,33.077222222222225,,23.842579600351332,,,Reading
(Timest,34.5824494949495,,21.684411663216007,,,Watford
(Timest,40.72206638616175,,18.094220430107526,,,Oxford
(Timest,,53.17187148989393,,,,Oxford
(Timest,27.813288564551755,,21.927822580645163,,,Reading
(Timest,34.50688513298982,,24.58982638446173,,,Reading
(Timest,25.78293010752688,,20.219241652518388,,,Reading
(Timest,27.399521158286937,,16.244214586255264,,,Watford
(Timest,48.04280449907874,,15.505171809256664,,,Oxford
(Timest,,44.761093301275615,,,,Oxford
(Timest,33.85187163994433,,26.34722557644759,,,Reading
(Timest,32.094580775699285,,18.44713010204082,,,Reading
(Timest,27.480481533426836,,18.560835117246135,,,Reading
(Timest,26.35580737246235,,14.919786096256685,,,Watford
(Timest,55.55018115942029,,19.48723429951691,,,Oxford
(Timest,,46.8395790200138,,,,Oxford
(Timest,45.193925120772946,,26.63591011042098,,,Reading
(Timest,38.81505584728633,,25.554049889883498,,,Reading
(Timest,34.91650362318841,,23.259067460317457,,,Reading
(Timest,32.322767575839414,,21.25438392192515,,,Watford
(Timest,60.46750818139318,,22.447170740666532,,,Oxford
(Timest,,44.60444364594562,,,,Oxford
(Timest,57.194225238322936,,29.92981320450885,,,Reading
(Timest,56.031168465723134,,26.180794659061448,,,Reading
(Timest,39.54358929406265,,26.477969348659006,,,Reading
(Timest,37.27431112365895,,22.87585554542076,,,Watford
(Timest,64.3596618357488,,23.42832321663843,,,Oxford
(Timest,60.838229375722335,,28.575917874396136,,,Reading
(Timest,57.35272122019104,,29.095957792207795,,,Reading
(Timest,46.24781353126161,,25.868683862433862,,,Reading
(Timest,39.345833333333324,,27.316968599033817,,,Watford
(Timest,70.90411604524509,,23.319124590930343,,,Oxford
(Timest,,28.246959109730845,,,,Oxford
(Timest,66.51801767676767,,29.002031222043296,,,Reading
(Timest,65.94248266650197,,25.888898989899,,,Reading
(Timest,52.887047433161705,,25.004082374068762,,,Reading
(Timest,47.81849829693448,,25.400868431864225,,,Watford
(Timest,60.506109481915935,,23.151024985590755,,,Oxford
(Timest,,32.93333333333333,,,,Oxford
(Timest,56.74659302010286,,28.561576354679804,,,Reading
(Timest,59.52712131837306,,27.18614172176585,,,Reading
(Timest,45.86003975163627,,25.44587614762426,,,Reading
(Timest,40.920515873015866,,21.46831797235024,,,Watford
(Timest,54.756133876475495,,24.114947552447553,,,Oxford
(Timest,,43.477004517221914,,,,Oxford
(Timest,53.96458330357143,,36.73193333333333,,,Reading
(Timest,53.87914074140081,,34.14061883629192,,,Reading
(Timest,41.495833348214276,,29.694942496229267,,,Reading
(Timest,45.608436853002054,,30.226978637304722,,,Watford
(Timest,66.46091555709368,,38.491728701406124,,,Oxford
(Timest,,42.0321709379914,,,,Oxford
(Timest,61.7607709022149,,48.17633682361372,,,Reading
(Timest,67.79738569019183,,47.18538689968741,,,Reading
(Timest,51.28747076729779,,46.647516325536074,,,Reading
(Timest,53.08579458176232,,41.66053972908812,,,Watford
(Timest,58.84420289855072,,32.2242997893284,,,Oxford
(Timest,,45.54444444444445,,,,Oxford
(Timest,49.981671228825526,,44.74724489795919,,,Reading
(Timest,62.13087339410408,,39.112234848484846,,,Reading
(Timest,51.271792888623274,,36.160202798663335,,,Reading
(Timest,43.798731884057965,,36.041934092477554,,,Watford
(Timest,43.50753856942496,,20.929389264312125,,,Oxford
(Timest,,53.036231884057976,,,,Oxford
(Timest,36.93994486872583,,31.601688113870292,,,Reading
(Timest,41.27176091206596,,23.736827956989245,,,Reading
(Timest,26.52648083216457,,24.650295366188644,,,Reading
(Timest,30.822580645161285,,21.354546517064048,,,Watford
(Timest,45.17376639061422,,18.064002415458944,,,Oxford
(Timest,,42.92846947738253,,,,Oxford
(Timest,37.94527173913044,,26.870261818495514,,,Reading
(Timest,38.52419571622017,,18.84561649659864,,,Reading
(Timest,25.102603519668737,,17.193840934924694,,,Reading
(Timest,26.776734738691257,,19.20368357487922,,,Watford
(Timest,54.84266012155213,,20.44127387144568,,,Oxford
(Timest,,41.244071146245055,,,,Oxford
(Timest,38.897971652003896,,25.491931410883016,,,Reading
(Timest,,,20.936927302477795,,,Reading
(Timest,28.240469599665364,,19.103158774028543,,,Reading
(Timest,30.091806919121076,,20.018817204301076,,,Watford
(Timest,48.78021271622253,,15.955388031790559,,,Oxford
(Timest,,31.69614852188485,,,,Oxford
(Timest,35.67433296600548,,27.205962127363545,,,Reading
(Timest,48.0651273971127,,26.78635038166739,,,Reading
(Timest,29.84426277650649,,16.9008064516129,,,Reading
(Timest,31.643888888888892,,16.818792270531404,,,Watford
(Timest,47.490244839701354,,20.967125286041192,,,Oxford
(Timest,,32.6425340360123,,,,Oxford
(Timest,43.68893619175421,,28.444123303167412,,,Reading
(Timest,47.449358131487514,,37.9384894837555,,,Reading
(Timest,33.72796837499422,,21.604902641218434,,,Reading
(Timest,34.28055555555555,,21.133255693581777,,,Watford
(Timest,73.93891304347827,,32.7,,,Hammersmith and Fulham
(Timest,54.03473752754959,,20.237604126822216,,,Oxford
(Timest,,35.49682306940371,,,,Oxford
(Timest,47.10475106533427,,24.847603470991782,,,Reading
(Timest,49.671280081495176,,31.822453016439685,,,Reading
(Timest,39.13719255618249,,20.4760752688172,,,Reading
(Timest,40.52822580645161,,21.153146117557053,,,Watford
(Timest,82.34138352272728,,38.93555555555555,,,Hammersmith and Fulham
(Timest,46.55305675805675,,26.033115271068166,,,Oxford
(Timest,,22.604629629629624,,,,Oxford
(Timest,66.58953196743578,,42.87771529066172,,,Reading
(Timest,59.85027219219368,,41.43839646464646,,,Reading
(Timest,46.053804922660184,,30.22339555291024,,,Reading
(Timest,46.52651515151514,,29.815096618357483,,,Watford
(Timest,94.66665766636523,,26.681586021505375,,,Hammersmith and Fulham
(Timest,49.6866263296923,,14.35103021978022,,,Oxford
(Timest,,39.66129032258064,,,,Oxford
(Timest,40.39640974906675,,20.1866742230489,,,Reading
(Timest,49.667490884701046,,20.729964114832534,,,Reading
(Timest,35.82681763285024,,15.465791062801937,,,Reading
(Timest,38.490591397849485,,15.256895745675548,,,Watford
(Timest,86.8064286283492,,31.159755504352276,,,Hammersmith and Fulham
(Timest,58.48687789536318,,20.098370627735985,,,Oxford
(Timest,,34.93305111342195,,,,Oxford
(Timest,43.019652875175304,,30.252815573082056,,,Reading
(Timest,57.76837308438523,,30.78346160761186,,,Reading
(Timest,43.69807146154746,,22.623118279569894,,,Reading
(Timest,44.06632772323516,,23.4160504058821,,,Watford
(Timest,87.01658756559219,,40.33678160919539,,,Hammersmith and Fulham
(Timest,67.16310594702648,,29.56364942528735,,,Oxford
(Timest,,28.594756193331904,,,,Oxford
(Timest,48.20189114425741,,39.151332425545476,,,Reading
(Timest,60.94899026322067,,39.4242344898979,,,Reading
(Timest,45.78612568715642,,26.478353593850844,,,Reading
(Timest,50.751436781609215,,30.8826211894053,,,Watford
(Timest,92.83878747370267,,49.830673986751066,,,Hammersmith and Fulham
(Timest,72.27968676951845,,37.06237090399082,,,Oxford
(Timest,,28.526531089294064,,,,Oxford
(Timest,56.978090418419825,,51.26378205128205,,,Reading
(Timest,76.38331784669704,,42.45808315656412,,,Reading
(Timest,52.911962352150525,,37.940456989247316,,,Reading
(Timest,54.291725105189336,,38.11681860682561,,,Watford
(Timest,87.17084918478261,,28.43078623188406,,,Hammersmith and Fulham
(Timest,53.38403601229688,,17.02720410628019,,,Oxford
(Timest,,49.10833333333334,,,,Oxford
(Timest,38.40579365079365,,28.798194444444437,,,Reading
(Timest,46.60015865173474,,24.530879723179698,,,Reading
(Timest,32.23221234079929,,19.13012254901961,,,Reading
(Timest,35.59583333333333,,17.939673913043478,,,Watford
(Timest,91.15447534128097,,42.73363721365125,,,Hammersmith and Fulham
(Timest,67.00414281059442,,23.228763440860213,,,Oxford
(Timest,,52.20698924731183,,,,Oxford
(Timest,51.81122288075354,,34.4684456992283,,,Reading
(Timest,52.700780585136584,,31.338054862388656,,,Reading
(Timest,34.52392473118281,,27.775534446852824,,,Reading
(Timest,32.50946704067321,,25.11231884057971,,,Watford
(Timest,78.93440587944662,,39.49301810676423,,,Hammersmith and Fulham
(Timest,40.201992753623195,,14.737699275362319,,,Oxford
(Timest,,44.577777777777776,,,,Oxford
(Timest,40.29728271489743,,27.556174429019254,,,Reading
(Timest,41.037740996925784,,25.104333333333336,,,Reading
(Timest,24.398198059187187,,20.772814012910167,,,Reading
(Timest,26.54444444444444,,16.32663043478261,,,Watford
(Timest,100.43884702021975,,50.57633685457055,,,Hammersmith and Fulham
(Timest,43.06257627365622,,16.4674853372434,,,Oxford
(Timest,,37.79032258064515,,,,Oxford
(Timest,32.73091852139407,,27.666236559139783,,,Reading
(Timest,39.13936845238853,,23.124743815654607,,,Reading
(Timest,26.073872134809633,,16.36897435897436,,,Reading
(Timest,27.254224270353298,,15.498188405797098,,,Watford
(Timest,97.61329812412342,,41.254937825995285,,,Hammersmith and Fulham
(Timest,44.48842917251052,,18.659858578775125,,,Oxford
(Timest,,33.43273039490519,,,,Oxford
(Timest,47.393912892038834,,32.00038402457757,,,Reading
(Timest,39.91370664165195,,25.09541619359291,,,Reading
(Timest,28.27649071358749,,21.19872742200328,,,Reading
(Timest,27.443319945599047,,17.24818153067679,,,Watford
(Timest,107.40918752777776,,47.14548395445135,,,Hammersmith and Fulham
(Timest,50.830615942028984,,17.63626811594203,,,Oxford
(Timest,,31.577777777777786,,,,Oxford
(Timest,42.73019653052261,,26.905927197802196,,,Reading
(Timest,45.42334076972364,,24.00734482169541,,,Reading
(Timest,32.63473429951691,,18.968160933111918,,,Reading
(Timest,37.52916666666667,,17.397870004391745,,,Watford
(Timest,83.50577853260869,,26.362310299564857,,,Hammersmith and Fulham
(Timest,63.26771739130435,,17.00248948106592,,,Oxford
(Timest,,27.606349206349204,,,,Oxford
(Timest,53.30641653634876,,34.689247311827955,,,Reading
(Timest,51.93366152161578,,25.80111467236468,,,Reading
(Timest,42.432310659186534,,23.40497628186877,,,Reading
(Timest,36.90884652981427,,19.22105734767025,,,Watford
(Timest,94.04020865683229,,29.9096492704826,,,Hammersmith and Fulham
(Timest,73.225422705314,,18.666944444444447,,,Oxford
(Timest,,27.540686366773322,,,,Oxford
(Timest,54.861874740667545,,33.70616071428572,,,Reading
(Timest,65.37305257682415,,27.760358511220574,,,Reading
(Timest,54.74976851851852,,27.810104159239458,,,Reading
(Timest,47.10911835748792,,22.064924749163875,,,Watford
(Timest,97.56988911290324,,25.276604811738054,,,Hammersmith and Fulham
(Timest,61.488436002987186,,15.988319308087895,,,Oxford
(Timest,,25.304937091893613,,,,Oxford
(Timest,50.03348209036013,,26.336328502415466,,,Reading
(Timest,64.66912123915229,,24.103813131313135,,,Reading
(Timest,44.05172161820064,,19.416805555555563,,,Reading
(Timest,42.634408602150536,,18.30610098176718,,,Watford
(Timest,86.60488911290322,,26.357417683702003,,,Hammersmith and Fulham
(Timest,57.740793072416714,,21.674801309022907,,,Oxford
(Timest,,28.323619474747478,,,,Oxford
(Timest,50.94625462317778,,32.78279569892473,,,Reading
(Timest,63.2459959524783,,29.87744379276638,,,Reading
(Timest,52.60860213709678,,23.09515395894428,,,Reading
(Timest,46.56720430107527,,24.413633176080584,,,Watford
(Timest,71.7603137131211,,26.41264880952381,,,Hammersmith and Fulham
(Timest,68.38587228260872,,26.54360119047619,,,Oxford
(Timest,,33.96550729166667,,,,Oxford
(Timest,54.8745260407592,,35.217475414078685,,,Reading
(Timest,64.96785786545348,,33.17127573987434,,,Reading
(Timest,43.47036749482402,,26.017857142857146,,,Watford
(Timest,65.93136580788602,,25.279941674734808,,,Hammersmith and Fulham
(Timest,79.25139204545454,,34.88538011695907,,,Oxford
(Timest,,42.23158709677419,,,,Oxford
(Timest,69.0986708020953,,44.55329354553493,,,Reading
(Timest,68.73057636297091,,38.23520139522313,,,Reading
(Timest,41.98135811126695,,30.890518084066475,,,Watford
(Timest,76.07842897727274,,27.45728507905139,,,Hammersmith and Fulham
(Timest,45.136640625000005,,24.51777777777778,,,Oxford
(Timest,,57.174274221014464,,,,Oxford
(Timest,40.66272673852657,,28.401666666666664,,,Reading
(Timest,60.315240285353546,,24.55069444444444,,,Reading
(Timest,36.56378644401709,,16.71990295031056,,,Reading
(Timest,32.29685990338164,,24.84521796641362,,,Watford
(Timest,93.26394766830296,,26.725483870967746,,,Hammersmith and Fulham
(Timest,57.792998330578286,,17.835967830478705,,,Oxford
(Timest,,48.40668782141189,,,,Oxford
(Timest,38.44468302302477,,22.076067937438903,,,Reading
(Timest,60.44991044354838,,14.565053763440861,,,Reading
(Timest,35.19298876928472,,15.696224871435247,,,Reading
(Timest,33.943606825619455,,19.843991912715616,,,Watford
(Timest,74.851796875,,26.75475131752306,,,Hammersmith and Fulham
(Timest,50.07627833850931,,19.888471477194305,,,Oxford
(Timest,,38.21390491013072,,,,Oxford
(Timest,38.591254164855066,,23.277191558441558,,,Reading
(Timest,49.78555005277777,,23.238055555555555,,,Reading
(Timest,29.886465681159414,,14.678378874212212,,,Reading
(Timest,28.800543478260874,,19.748479358805447,,,Watford
(Timest,76.09500000000001,,,,,Hammersmith and Fulham
(Timest,58.78243995441794,,22.803471248246844,,,Oxford
(Timest,,46.60808535530621,,,,Oxford
(Timest,42.51154902351187,,28.553284840337266,,,Reading
(Timest,58.61941311865144,,9.817876344086022,,,Reading
(Timest,35.3073147826087,,17.067642589995323,,,Reading
(Timest,33.629149135109856,,23.47435611373199,,,Watford
(Timest,43.42599929873772,,18.760642489815,,,Oxford
(Timest,,37.04586510104552,,,,Oxford
(Timest,43.75405873831229,,32.0680712926365,,,Reading
(Timest,57.278916293403896,,20.010080645161292,,,Reading
(Timest,30.204622806891024,,17.760320512820513,,,Reading
(Timest,35.24211079943898,,21.677228860433626,,,Watford
(Timest,46.630468750000006,,22.166859903381646,,,Oxford
(Timest,,22.867395833333337,,,,Oxford
(Timest,34.66276747386913,,29.93039855072464,,,Reading
(Timest,57.73415754693674,,26.895416666666666,,,Reading
(Timest,33.264871129807695,,,,,Reading
(Timest,40.5106884057971,,25.146901468097116,,,Watford
(Timest,36.81888937018451,,18.803517999064983,,,Oxford
(Timest,,28.99934502688172,,,,Oxford
(Timest,33.07857356543319,,29.41973864258347,,,Reading
(Timest,61.75771978855879,,27.54784946236559,,,Reading
(Timest,37.37536656891495,,20.850500744508633,,,Watford
(Timest,41.75604468599034,,20.7975,,,Oxford
(Timest,,22.504168792270537,,,,Oxford
(Timest,37.03107297672375,,23.92726339481774,,,Reading
(Timest,67.01598057927099,,17.263333333333332,,,Reading
(Timest,50.725664251207725,,23.955643390426005,,,Watford
(Timest,39.94554638690553,,18.804932211313698,,,Oxford
(Timest,,34.801359946236566,,,,Oxford
(Timest,38.35715056451613,,25.552529022478556,,,Reading
(Timest,56.636269713098734,,20.765994623655917,,,Reading
(Timest,42.94616253079709,,16.769178194993415,,,Reading
(Timest,46.22749999999999,,22.679749827467212,,,Watford
(Timest,43.3845857771261,,14.949841912412035,,,Oxford
(Timest,,37.64737836021505,,,,Oxford
(Timest,39.39259781426127,,24.28258817020061,,,Reading
(Timest,25.763060984689105,,17.246102150537634,,,Reading
(Timest,34.78641751846923,,13.372574747474745,,,Reading
(Timest,41.073866292660114,,17.89474159547792,,,Watford
(Timest,37.14031444099379,,14.616504917184262,,,Oxford
(Timest,,50.01574635416667,,,,Oxford
(Timest,38.543804280053806,,22.166201368411517,,,Reading
(Timest,46.05354467141749,,18.211755952380955,,,Reading
(Timest,31.75089664023218,,14.031682900432896,,,Reading
(Timest,33.06424689440994,,15.926297692990236,,,Watford
(Timest,62.48382933029454,,27.598077372604024,,,Oxford
(Timest,,36.912611335302536,,,,Oxford
(Timest,48.18988514784946,,30.724704301075267,,,Reading
(Timest,,,22.381451612903227,,,Reading
(Timest,34.968816432720786,,27.664242424242428,,,Reading
(Timest,46.71861851332398,,31.801790016902224,,,Watford
(Timest,53.25076766304349,,24.848055555555547,,,Oxford
(Timest,,36.327283611111106,,,,Oxford
(Timest,39.7155916093346,,34.182512077294696,,,Reading
(Timest,52.32817959486166,,33.92668374142702,,,Reading
(Timest,35.90282201086957,,23.43740755772006,,,Reading
(Timest,40.683635265700474,,27.30703776899429,,,Watford
(Timest,46.63966346153846,,18.779546517064052,,,Oxford
(Timest,,39.16829489247312,,,,Oxford
(Timest,35.36143222004153,,24.233289276990263,,,Reading
(Timest,45.97884844739071,,20.152538527475397,,,Reading
(Timest,30.738810483870967,,17.580169340463463,,,Reading
(Timest,36.46513112491373,,16.95990883004613,,,Watford
(Timest,43.60508999153021,,18.498674242424237,,,Oxford
(Timest,,32.353237524154586,,,,Oxford
(Timest,35.300334415584416,,27.523118262297427,,,Reading
(Timest,58.59663890457367,,26.715771458939017,,,Reading
(Timest,30.27248782467532,,15.769172077922075,,,Reading
(Timest,32.669444444444444,,14.975,,,Watford
(Timest,47.79584721248246,,18.79744623655914,,,Oxford
(Timest,,43.482339678030314,,,,Oxford
(Timest,33.74195267390393,,23.344984354413704,,,Reading
(Timest,51.48685417843027,,25.899809090909095,,,Reading
(Timest,32.60045801192146,,18.41937548192808,,,Reading
(Timest,32.93782141187471,,14.392297163602619,,,Watford
(Timest,38.94327007363253,,13.96405860852565,,,Oxford
(Timest,,34.19416383186705,,,,Oxford
(Timest,35.80206607120088,,34.89779838382749,,,Reading
(Timest,43.62713904132551,,34.84091057158977,,,Reading
(Timest,28.129352208976155,,16.702380679161887,,,Reading
(Timest,31.93992519869098,,14.086594185041097,,,Watford
(Timest,56.609769021739126,,25.600937803316313,,,Oxford
(Timest,,31.90902555555556,,,,Oxford
(Timest,49.80207094626389,,47.997857878365764,,,Reading
(Timest,68.8090753517316,,53.73129721124287,,,Reading
(Timest,46.84354619565217,,31.7,,,Reading
(Timest,45.93179622310058,,30.77426802792936,,,Watford
(Timest,81.2196331198498,,,,,Hammersmith and Fulham
(Timest,38.590543916549784,,16.833049322113133,,,Oxford
(Timest,,28.168569758064514,,,,Oxford
(Timest,43.93186810691062,,42.415577833561336,,,Reading
(Timest,47.89599762527095,,44.64477220613265,,,Reading
(Timest,36.10353392356242,,22.206027349228616,,,Reading
(Timest,37.05779569892473,,19.721812899582883,,,Watford
(Timest,75.51370434782608,,,,,Hammersmith and Fulham
(Timest,50.8675339673913,,22.37662840360123,,,Oxford
(Timest,,17.260033194444453,,,,Oxford
(Timest,52.51059496846118,,50.02365836693182,,,Reading
(Timest,52.4281093397092,,48.99635265700483,,,Reading
(Timest,45.49370923913043,,23.746908212560395,,,Reading
(Timest,51.258152173913054,,26.339456521739127,,,Watford
(Timest,85.54083187237026,,28.406974637681163,,,Hammersmith and Fulham
(Timest,44.05470190092166,,18.359381411793755,,,Oxford
(Timest,,29.165653360215053,,,,Oxford
(Timest,37.6155496541502,,30.40635148334923,,,Reading
(Timest,50.89536357818476,,27.731400763799076,,,Reading
(Timest,36.51722827050229,,17.584188660801566,,,Reading
(Timest,49.15860215053763,,19.029297700209753,,,Watford
(Timest,88.94391282433381,,34.15352968676952,,,Hammersmith and Fulham
(Timest,41.573404628331,,16.76234805984105,,,Oxford
(Timest,,35.0400928763441,,,,Oxford
(Timest,35.71649237826653,,29.758051986414152,,,Reading
(Timest,54.81785322102512,,22.90131314210834,,,Reading
(Timest,35.19438113604488,,20.132495461527718,,,Reading
(Timest,47.609689107059374,,23.189813514405675,,,Watford
(Timest,86.52175602590344,,36.153052012217024,,,Hammersmith and Fulham
(Timest,53.76837569699321,,23.08090650291737,,,Oxford
(Timest,,29.66686884469697,,,,Oxford
(Timest,44.884879790725584,,28.88364382511898,,,Reading
(Timest,49.77617152935074,,26.265996376811582,,,Reading
(Timest,39.88824485636648,,25.054139610389615,,,Reading
(Timest,46.8720238095238,,26.686226618447115,,,Watford
(Timest,75.62411925841513,,,,,Hammersmith and Fulham
(Timest,49.75081740883591,,30.35683313297268,,,Oxford
(Timest,,44.913979569892476,,,,Oxford
(Timest,36.805120063759766,,25.366084827800357,,,Reading
(Timest,44.57618845592025,,37.18866680875249,,,Reading
(Timest,31.42459239130435,,30.79152454721529,,,Reading
(Timest,38.8686886395512,,30.312039701766217,,,Watford
(Timest,82.58917592330914,,24.1707306763285,,,Hammersmith and Fulham
(Timest,50.81406249999999,,24.47651156877701,,,Oxford
(Timest,,46.00642861111111,,,,Oxford
(Timest,,,21.846893340519827,,,Reading
(Timest,39.090317227109274,,36.49629629629631,,,Reading
(Timest,34.92656929347826,,28.821439393939393,,,Reading
(Timest,36.352777777777774,,24.07903196726995,,,Watford
(Timest,62.5481381486676,,20.181270453482934,,,Hammersmith and Fulham
(Timest,41.51719926459732,,19.08203051246849,,,Oxford
(Timest,,48.78198951612903,,,,Oxford
(Timest,30.735588543073185,,31.265826321305862,,,Reading
(Timest,39.11804291474655,,33.485370333266545,,,Reading
(Timest,22.72138499718153,,19.159108603620492,,,Reading
(Timest,28.83198924731183,,19.067581396020287,,,Watford
(Timest,64.1806820652174,,22.257862318840587,,,Hammersmith and Fulham
(Timest,42.742439182194616,,20.58769325147713,,,Oxford
(Timest,,45.29684638888888,,,,Oxford
(Timest,36.065992158942315,,23.2422868884049,,,Reading
(Timest,47.01794578157351,,29.16971934667587,,,Reading
(Timest,23.85602872670807,,20.00253618310663,,,Reading
(Timest,27.436111111111117,,21.257469963611268,,,Watford
(Timest,87.65494602272729,,21.906012580220157,,,Hammersmith and Fulham
(Timest,40.21078190743338,,18.713872414791073,,,Oxford
(Timest,,47.3266,,,,Oxford
(Timest,34.14984073605216,,24.86369047619048,,,Reading
(Timest,42.313518654750794,,20.298636712749612,,,Reading
(Timest,24.903649352926177,,19.44606018105317,,,Reading
(Timest,27.66351098644226,,18.857398234176888,,,Watford
(Timest,76.08696094845723,,21.839183029453014,,,Hammersmith and Fulham
(Timest,41.17843180224405,,18.110243242461628,,,Oxford
(Timest,,34.60876416666667,,,,Oxford
(Timest,43.104060405320496,,29.79771505376344,,,Reading
(Timest,48.00196029917245,,17.317202909681875,,,Reading
(Timest,27.24161334151473,,20.01620583717358,,,Reading
(Timest,29.678315412186382,,16.898065802957106,,,Watford
(Timest,72.953873730841,,22.356247796423425,,,Hammersmith and Fulham
(Timest,52.61680505233494,,17.88188303845913,,,Oxford
(Timest,,31.51938888888889,,,,Oxford
(Timest,44.00352277092187,,28.311148989898996,,,Reading
(Timest,59.27595458662714,,15.321629885814671,,,Reading
(Timest,35.622181324110684,,20.07967171717172,,,Reading
(Timest,37.715277777777764,,18.22381897596428,,,Watford
(Timest,76.7871006265824,,25.569252305665344,,,Hammersmith and Fulham
(Timest,53.911636770049725,,23.331426207336452,,,Oxford
(Timest,,25.1375162459093,,,,Oxford
(Timest,48.62818758424255,,34.466830294530155,,,Reading
(Timest,63.86436007540846,,19.23976210208679,,,Reading
(Timest,40.871975806451616,,24.960581622678397,,,Reading
(Timest,39.97712716222534,,24.45616179298175,,,Watford
(Timest,80.50548839285715,,24.844769137866965,,,Hammersmith and Fulham
(Timest,36.595040760869566,,20.304311519469447,,,Oxford
(Timest,,36.371632500000004,,,,Oxford
(Timest,33.59506258544087,,30.7408166109253,,,Reading
(Timest,49.40321908526257,,17.661534862239208,,,Reading
(Timest,29.59134943181818,,20.160851449275366,,,Reading
(Timest,33.84646464646465,,19.71010889377595,,,Watford
(Timest,72.69805800224886,,25.799982632310215,,,Hammersmith and Fulham
(Timest,24.388510255960732,,22.786477835074262,,,Oxford
(Timest,,50.49603830645164,,,,Oxford
(Timest,30.533552479690712,,25.491403111459213,,,Reading
(Timest,36.748824615422045,,25.52841617436638,,,Reading
(Timest,22.548197397360703,,25.836864075537996,,,Reading
(Timest,26.918678621518726,,19.32002802013321,,,Watford
(Timest,52.18358695652173,,28.306977225672874,,,Hammersmith and Fulham
(Timest,41.4648821002805,,17.53546241077076,,,Oxford
(Timest,,38.3287060483871,,,,Oxford
(Timest,42.02801455119216,,18.20861154974058,,,Reading
(Timest,43.33681526088032,,21.52215458324092,,,Reading
(Timest,37.558518145161294,,20.208502805049086,,,Reading
(Timest,40.146972884525475,,14.374999999999998,,,Watford
(Timest,81.32239140956307,,26.410213643178405,,,Hammersmith and Fulham
(Timest,47.063981070142226,,21.370053366174055,,,Oxford
(Timest,,43.3751569174862,,,,Oxford
(Timest,37.2694972826087,,20.50018762939958,,,Reading
(Timest,39.572812500000005,,17.770768115942026,,,Reading
(Timest,33.946875,,23.11926536731634,,,Reading
(Timest,39.52662783440815,,16.16404710032161,,,Watford
(Timest,78.07556244849061,,29.496859726295217,,,Hammersmith and Fulham
(Timest,52.884924853372425,,25.59079752645672,,,Oxford
(Timest,,38.71497056451613,,,,Oxford
(Timest,37.65699964262597,,21.923809802088197,,,Reading
(Timest,32.83214410939691,,25.64460824939436,,,Reading
(Timest,39.16993922393642,,18.927419354838705,,,Watford
(Timest,85.44561595591789,,23.95462560386473,,,Hammersmith and Fulham
(Timest,50.497265016233754,,19.567192028985506,,,Oxford
(Timest,,43.37146299064817,,,,Oxford
(Timest,37.84092700098815,,17.628965129734603,,,Reading
(Timest,33.840625,,20.859138610182093,,,Reading
(Timest,37.9919261048488,,12.862499999999994,,,Watford
(Timest,74.212593434432,,27.419126928471247,,,Hammersmith and Fulham
(Timest,50.217136100663026,,23.416534701857284,,,Oxford
(Timest,,47.84406607240002,,,,Oxford
(Timest,41.615813862680106,,19.73147622791732,,,Reading
(Timest,31.315511044880786,,25.67051831227243,,,Reading
(Timest,31.483695652173914,,16.197580645161295,,,Watford
(Timest,76.33383343044575,,24.931801163812036,,,Hammersmith and Fulham
(Timest,44.03574715909091,,18.677168737060047,,,Oxford
(Timest,,29.904225706960922,,,,Oxford
(Timest,35.856451775127056,,16.01932398519355,,,Reading
(Timest,22.610230978260873,,20.728459046991645,,,Reading
(Timest,25.828096963423054,,11.15972222222222,,,Watford
(Timest,80.9852150672043,,21.18555270092227,,,Hammersmith and Fulham
(Timest,36.39701923689914,,15.128056486524226,,,Oxford
(Timest,,29.925775548052687,,,,Oxford
(Timest,27.136472172638022,,13.867823555754589,,,Reading
(Timest,15.838548506630113,,15.599500945135585,,,Reading
(Timest,25.44219595271489,,9.225998463901691,,,Watford
(Timest,71.90224403985506,,24.19570126227209,,,Hammersmith and Fulham
(Timest,40.73184627215351,,17.628408453397935,,,Oxford
(Timest,,31.461404841067722,,,,Oxford
(Timest,36.81306459581791,,23.90283492822967,,,Reading
(Timest,20.36837088008415,,22.512774661056568,,,Reading
(Timest,27.106358111266943,,12.322580645161294,,,Watford
(Timest,55.26666666666666,,22.918750000000003,,,Hammersmith and Fulham
(Timest,38.85869146139186,,17.39343423364075,,,Oxford
(Timest,,22.18484291498316,,,,Oxford
(Timest,38.68337821146245,,16.119734117903455,,,Reading
(Timest,24.275468749999998,,22.216491545893714,,,Reading
(Timest,33.89528985507247,,12.2525,,,Watford
(Timest,71.7463333,,23.438575268817203,,,Hammersmith and Fulham
(Timest,52.06954991712356,,18.548291090629803,,,Oxford
(Timest,,19.65448260045275,,,,Oxford
(Timest,40.73667499225879,,19.518178053830226,,,Reading
(Timest,27.00378024193549,,23.352800285463328,,,Reading
(Timest,37.3394792841281,,13.570833333333333,16.352083333333336,,Watford
(Timest,79.11185396256037,,26.073798319327732,,,Hammersmith and Fulham
(Timest,54.65942308370977,,18.307306763285016,,,Oxford
(Timest,,20.936032274583642,,,,Oxford
(Timest,42.54490877329192,,20.207518115942026,,,Reading
(Timest,35.87979601648352,,21.77344806763285,,,Reading
(Timest,41.15772033272947,,13.79722222222222,9.27236111111111,,Watford
(Timest,92.66766020278168,,37.12421692379617,,,Hammersmith and Fulham
(Timest,51.21463850840605,,24.221766755918228,,,Oxford
(Timest,,9.983872004636122,,,,Oxford
(Timest,48.66514071920366,,29.521850998463908,,,Reading
(Timest,40.206199596774205,,28.96605507716921,,,Reading
(Timest,47.722252912342206,,20.37567204301075,15.966129032258063,,Watford
(Timest,94.36111905425223,,36.03384971737005,,,Hammersmith and Fulham
(Timest,53.46093368922394,,22.53721949509117,,,Oxford
(Timest,,18.76191040400625,,,,Oxford
(Timest,51.944366691945504,,24.7063134557408,,,Reading
(Timest,43.46964811270135,,28.406760274554806,,,Reading
(Timest,58.0654716602108,,23.730360750360752,18.36524350649351,,Watford
(Timest,76.8235237130035,,28.962121212121218,,,Hammersmith and Fulham
(Timest,41.04080130027045,,20.192708333333332,,,Oxford
(Timest,,35.49053370809719,,,,Oxford
(Timest,39.115731636904755,,19.275659496753246,,,Reading
(Timest,34.67365691964286,,23.14829545454546,,,Reading
(Timest,37.08150567899492,,18.727678571428573,13.925148809523806,,Watford
(Timest,73.064604835894,,25.87682062561095,,,Hammersmith and Fulham
(Timest,37.85064138349028,,20.256178621518735,,,Oxford
(Timest,,45.23771719643845,,,,Oxford
(Timest,35.94273321527083,,21.782192407117126,,,Reading
(Timest,27.10740782380254,,23.120967741935488,,,Reading
(Timest,34.20334987377278,,14.163996823069402,9.23054740957967,,Watford
(Timest,74.62601449335752,,25.882838164251208,,,Hammersmith and Fulham
(Timest,47.83464072411616,,20.939603174603175,,,Oxford
(Timest,,45.47455667156863,,,,Oxford
(Timest,27.335949466240944,,19.06714262187088,,,Reading
(Timest,28.509778597222216,,19.352065217391306,,,Reading
(Timest,36.42402820772947,,14.233194444444447,8.697083333333332,,Watford
(Timest,65.91118692723371,,25.80860215053763,,,Hammersmith and Fulham
(Timest,39.57089857877513,,18.762756066981172,,,Oxford
(Timest,,45.36170560047632,,,,Oxford
(Timest,41.15046659812111,,21.50229304608069,,,Reading
(Timest,30.847367402263373,,20.34800761940966,,,Reading
(Timest,27.70035445243104,,13.225134408602152,8.447580645161292,,Watford
(Timest,70.77847061747181,,24.192159090909097,,,Hammersmith and Fulham
(Timest,32.944702494969874,,15.874458276559723,,,Oxford
(Timest,,45.490321736111106,,,,Oxford
(Timest,36.16896858963811,,22.860555555555557,,,Reading
(Timest,23.248132710144933,,18.975328374246505,,,Reading
(Timest,20.467169037698415,,7.865178571428571,4.411607142857144,,Watford
(Timest,68.5635636079944,,20.858794997662457,,,Hammersmith and Fulham
(Timest,28.71836087190275,,15.384464384376727,,,Oxford
(Timest,,34.9343252695671,,,,Oxford
(Timest,31.31665133553275,,21.49376938623989,,,Reading
(Timest,22.88432938262077,,17.199888363647872,,,Reading
(Timest,16.083965176630432,,8.44950396825397,4.499603174603174,,Watford
(Timest,69.77926922776149,,21.187786348761097,,,Hammersmith and Fulham
(Timest,31.401926583099584,,13.976820671147458,,,Oxford
(Timest,,32.54439577255726,,,,Oxford
(Timest,32.553957681948724,,27.88427419354839,,,Reading
(Timest,23.087119811827957,,18.965399259036822,,,Reading
(Timest,27.370219373646513,,11.09353448275862,6.523754789272031,,Watford
(Timest,74.13751516033521,,25.450168350168347,,,Hammersmith and Fulham
(Timest,37.36442243780193,,14.399463768115943,,,Oxford
(Timest,,29.945291083333338,,,,Oxford
(Timest,31.236962083333342,,21.741249999999994,,,Reading
(Timest,24.198455944444447,,18.017171428241223,,,Reading
(Timest,29.131804855273757,,12.209675925925927,8.074861111111112,,Watford
(Timest,75.01128779745208,,27.72254717582557,,,Hammersmith and Fulham
(Timest,36.43132876051892,,14.828392303115306,,,Oxford
(Timest,,33.153847620967746,,,,Oxford
(Timest,29.686682077913826,,24.23430156927755,,,Reading
(Timest,24.061180284595604,,20.07811585964129,,,Reading
(Timest,28.76620733228144,,12.18566644707949,6.871557971014494,,Watford
(Timest,93.16162531642513,,38.50740035826243,,,Hammersmith and Fulham
(Timest,45.33619813241891,,15.225649429073343,,,Oxford
(Timest,,24.480657805555555,,,,Oxford
(Timest,38.31002551406142,,19.21790616246499,,,Reading
(Timest,31.024428111111114,,20.603549185114403,,,Reading
(Timest,40.69668916002416,,17.17652777777778,11.21638888888889,,Watford
(Timest,85.48714978553063,,21.56484310365826,,,Hammersmith and Fulham
(Timest,39.36416790438792,,12.856603352364223,,,Oxford
(Timest,,31.74652426075269,,,,Oxford
(Timest,35.3236669623656,,16.829793906810032,,,Reading
(Timest,28.664780483870974,,15.431952590420332,,,Reading
(Timest,35.13762060785292,,12.073651540030847,8.296298576902025,,Watford
(Timest,68.13338834677418,,24.463563581112673,,,Hammersmith and Fulham
(Timest,37.98633642192614,,15.587441561477325,,,Oxford
(Timest,,36.642300782279314,,,,Oxford
(Timest,37.03271471699817,,17.859455128205127,,,Reading
(Timest,29.977691587941635,,20.099035233116584,,,Reading
(Timest,31.709925211600584,,13.849596774193554,9.343145161290321,,Watford
(Timest,71.71149372245637,,25.44890657349897,,,Hammersmith and Fulham
(Timest,41.142090914208076,,19.550892857142856,,,Oxford
(Timest,,45.209594925595255,,,,Oxford
(Timest,52.90062026170799,,23.97433712121212,,,Reading
(Timest,35.626109598214285,,22.320833333333333,,,Reading
(Timest,37.747176772127325,,19.16592261904762,10.650595238095237,,Watford
(Timest,69.13545974780058,,30.33701996927804,,,Hammersmith and Fulham
(Timest,40.78214390825153,,19.746320642588756,,,Oxford
(Timest,,51.939862674731174,,,,Oxford
(Timest,74.44830123655915,,25.455376344086023,,,Reading
(Timest,32.56488599462365,,25.734490416082277,,,Reading
(Timest,36.400162806217864,,18.803897849462363,12.591801075268815,,Watford
(Timest,76.41602188650795,,28.216742424242423,,,Hammersmith and Fulham
(Timest,35.22652073847168,,20.58038120333772,,,Oxford
(Timest,,57.08525753562802,,,,Oxford
(Timest,37.672310626811594,,24.375074962518738,,,Reading
(Timest,29.26618526811594,,24.913774509803922,,,Reading
(Timest,30.8239179039855,,17.07569444444444,11.469444444444445,,Watford
(Timest,82.22483747381652,,32.740760869565214,,,Hammersmith and Fulham
(Timest,44.30711440909679,,23.96335791925466,,,Oxford
(Timest,,60.20301318548387,,,,Oxford
(Timest,38.64442330645162,,25.357519440095835,,,Reading
(Timest,30.512313314652015,,27.431373063468264,,,Reading
(Timest,29.732117594362276,,19.46163744740533,12.513487611033193,,Watford
(Timest,68.56900703030303,,24.09379523495828,,,Hammersmith and Fulham
(Timest,36.435267944781664,,16.001682523997744,,,Oxford
(Timest,,55.63456598611109,,,,Oxford
(Timest,31.632155138888884,,21.255241117649046,,,Reading
(Timest,22.439210458333335,,22.415101851851848,,,Reading
(Timest,20.553151999999997,,13.356111111111112,7.182499999999999,,Watford
(Timest,68.26901517811758,,25.895622954651706,,,Hammersmith and Fulham
(Timest,,59.6125130987292,,,,Oxford
(Timest,31.810106693505098,,26.33680192528369,,,Reading
(Timest,22.930240376844992,,23.250260820353837,,,Reading
(Timest,24.85941097311828,,14.923924731182797,7.640322580645163,,Watford
(Timest,63.86694368346486,,23.403256873401535,,,Hammersmith and Fulham
(Timest,,35.214972194700465,,,,Oxford
(Timest,29.70501367668621,,25.161724174947857,,,Reading
(Timest,19.574445608929402,,20.46626344086022,,,Reading
(Timest,25.315360897946864,,9.071370967741936,4.580376344086021,,Watford
(Timest,79.86862551587303,,24.531944444444445,,,Hammersmith and Fulham
(Timest,,40.814563541666665,,,,Oxford
(Timest,30.230178889492755,,21.990416666666665,,,Reading
(Timest,23.343388166666667,,20.90400457665903,,,Reading
(Timest,29.01465189975845,,10.805416666666668,5.972361111111111,,Watford
(Timest,72.04530522132264,,22.490786353563823,,,Hammersmith and Fulham
(Timest,,33.570308897849465,,,,Oxford
(Timest,38.78014752863487,,21.622754629629632,,,Reading
(Timest,25.996640678888667,,20.525403225806446,,,Reading
(Timest,36.278839576862595,,11.904301075268815,7.367741935483872,,Watford
(Timest,65.15146812719587,,24.99206884057971,,,Hammersmith and Fulham
(Timest,,30.06835376388889,,,,Oxford
(Timest,46.82345755803526,,30.75067408950586,,,Reading
(Timest,32.601944655193236,,27.081338383838382,,,Reading
(Timest,38.57237611904762,,17.339861111111116,12.424861111111113,,Watford
(Timest,72.17769581989246,,21.893155467720685,,,Hammersmith and Fulham
(Timest,38.64507388888889,,18.695446488294316,,,Oxford
(Timest,,34.72329649193548,,,,Oxford
(Timest,36.18759141129031,,25.801869788789812,,,Reading
(Timest,30.164258241903603,,20.536962365591403,,,Reading
(Timest,41.328397168085885,,14.038844086021502,9.486827956989249,,Watford
(Timest,74.80156018291258,,25.14103862442592,,,Hammersmith and Fulham
(Timest,49.58285930458159,,18.767615875242107,,,Oxford
(Timest,,36.16686960654936,,,,Oxford
(Timest,38.237302477740236,,23.364186507936513,,,Reading
(Timest,32.870898781344295,,20.6249633431085,,,Reading
(Timest,40.31261683032012,,17.867741935483874,12.041666666666666,,Watford
(Timest,79.71780653201547,,33.40286972990778,,,Hammersmith and Fulham
(Timest,44.91627410778985,,24.384469108789762,,,Oxford
(Timest,,39.88748848214285,,,,Oxford
(Timest,43.1658186571852,,31.498958333333327,,,Reading
(Timest,37.78528764538968,,31.18225931677019,,,Reading
(Timest,43.63469777562112,,22.388244047619047,15.52678571428571,,Watford
(Timest,51.55778271497584,34.51688709104938,20.618423242082663,16.181712745118542,,Hammersmith and Fulham
(Timest,63.08101181334735,,25.207123655913975,,,Hammersmith and Fulham
(Timest,37.709694585086496,,17.551799906498363,,,Oxford
(Timest,,60.48583907258066,,,,Oxford
(Timest,26.330687298971483,,20.74753086419753,,,Reading
(Timest,22.741077024310428,,21.256835637480798,,,Reading
(Timest,30.049693779803643,,14.352150537634413,9.004166666666668,,Watford
(Timest,79.72745100845411,25.16516888136802,36.999724810213934,25.160097350314736,,Hammersmith and Fulham
(Timest,57.72246898666008,,34.555952380952384,,,Hammersmith and Fulham
(Timest,50.39007669323671,,28.28588438735178,,,Oxford
(Timest,,58.411234568004474,,,,Oxford
(Timest,41.9815580428744,,33.091527777777785,,,Reading
(Timest,33.42958429545454,,31.609305555555565,,,Reading
(Timest,33.45404072705313,,26.781138716356104,18.537877846790895,,Watford
(Timest,54.211133830645146,38.46762420757363,21.127822580645162,16.066736792893874,,Hammersmith and Fulham
(Timest,57.88765512914913,,21.256796400187007,,,Hammersmith and Fulham
(Timest,41.57178971715755,,16.34196030126956,,,Oxford
(Timest,,52.39995620967741,,,,Oxford
(Timest,31.91869423094904,,19.984543010752688,,,Reading
(Timest,22.978788840579703,,17.720693080878917,,,Reading
(Timest,27.95218749766246,,12.365234922861147,7.566210846189807,,Watford
(Timest,49.5428609076087,38.77046955504459,20.24276515151515,14.312121212121214,,Hammersmith and Fulham
(Timest,51.3757770138889,,18.025359025032934,,,Hammersmith and Fulham
(Timest,30.763212471825398,,14.777426281448019,,,Oxford
(Timest,,46.54978812499999,,,,Oxford
(Timest,31.07399051690822,,22.092550505050507,,,Reading
(Timest,20.3594197749702,,18.35017182696531,,,Reading
(Timest,21.818605532850242,,12.778611111111113,6.929166666666666,,Watford
(Timest,45.89835228202431,33.77534766421225,17.873862300970593,12.839511120016029,,Hammersmith and Fulham
(Timest,51.72560479780271,,22.183278985507247,,,Hammersmith and Fulham
(Timest,33.33056064048621,,16.793639384224935,,,Oxford
(Timest,,42.86810924156174,,,,Oxford
(Timest,30.171209010423308,,19.816129032258065,,,Reading
(Timest,18.006538923008385,,15.167546432062563,,,Reading
(Timest,21.959350477442733,,11.718413978494619,5.842876344086021,,Watford
(Timest,42.56636823400673,37.3349292525713,15.662872005851085,12.190856844305118,,Hammersmith and Fulham
(Timest,52.76110566715543,,23.502380952380953,,,Hammersmith and Fulham
(Timest,27.710541534595606,,16.07722984705804,,,Oxford
(Timest,,46.07080814516129,,,,Oxford
(Timest,36.37382744947724,,31.617125568447445,,,Reading
(Timest,20.38971883236756,,21.45007258679659,,,Reading
(Timest,22.15285253763441,,12.474059139784949,7.0858870967741945,,Watford
(Timest,46.63937831233421,26.988546027089477,17.756843693537846,11.057240610463998,,Hammersmith and Fulham
(Timest,50.356982871146236,,20.233253968253965,,,Hammersmith and Fulham
(Timest,36.29778180797102,,13.439097277119012,,,Oxford
(Timest,,39.18220944917402,,,,Oxford
(Timest,32.21125952624067,,21.126468253968252,,,Reading
(Timest,22.679383292984188,,16.973206521739133,,,Reading
(Timest,25.154993509661836,,10.275597826086955,5.035929951690821,,Watford
(Timest,51.30757342197205,22.582338424424954,21.742161914172787,14.701086886670408,,Hammersmith and Fulham
(Timest,56.82857232819075,,21.821102150537637,,,Hammersmith and Fulham
(Timest,40.25876907667135,,14.127284946236559,,,Oxford
(Timest,,33.32321954301075,,,,Oxford
(Timest,35.176430394460034,,25.897446236559134,,,Reading
(Timest,24.170828625358975,,19.868533511836457,,,Reading
(Timest,28.23046838592801,,12.3627688172043,7.25013440860215,,Watford
(Timest,60.02076397584541,14.329022885046111,24.514438405797105,18.274896757121823,,Hammersmith and Fulham
(Timest,61.62073685809178,,20.900853174603174,,,Hammersmith and Fulham
(Timest,46.35042194142513,,14.329396135265704,,,Oxford
(Timest,,30.24648637260715,,,,Oxford
(Timest,38.551308801328496,,23.69131313131313,,,Reading
(Timest,30.298358323671494,,20.583425125672456,,,Reading
(Timest,35.167822681763276,,14.61083333333333,9.988194444444446,,Watford
(Timest,48.237776319966855,27.06614675150877,18.744013647642678,10.252735203393097,,Hammersmith and Fulham
(Timest,63.646573668770436,,20.894576905095843,,,Hammersmith and Fulham
(Timest,37.4161498361748,,13.783926825862308,,,Oxford
(Timest,,37.96195362903225,,,,Oxford
(Timest,31.943176859513787,,20.226057737260405,,,Reading
(Timest,27.376388724082013,,18.078967975689572,,,Reading
(Timest,32.09824200093501,,12.696178120617114,8.906515895278169,,Watford
(Timest,36.77014840711324,30.514931545698925,19.391590696587187,11.823924731182798,,Hammersmith and Fulham
(Timest,57.06706978340558,,25.38672276764843,,,Hammersmith and Fulham
(Timest,35.75540164913511,,16.21722183263207,,,Oxford
(Timest,,43.52661399488403,,,,Oxford
(Timest,31.364032710166178,,20.814462365591403,,,Reading
(Timest,25.93617454327638,,18.617815249266865,,,Reading
(Timest,32.137954009467045,,14.908736559139784,10.313709677419354,,Watford
(Timest,31.919507972430022,46.611604339080465,16.955268199233718,7.189524555903867,,Hammersmith and Fulham
(Timest,52.62315706056064,,26.114367816091956,,,Hammersmith and Fulham
(Timest,29.131893673163425,,17.032359388487574,,,Oxford
(Timest,,58.41544261494252,,,,Oxford
(Timest,19.00434954219319,,16.381321839080467,,,Reading
(Timest,18.071999566466765,,17.01743422120109,,,Reading
(Timest,21.626423215256004,,12.9575,7.427299999999998,,Watford
(Timest,46.262968796082966,43.89151782675482,19.920936847164057,11.77806074325599,,Hammersmith and Fulham
(Timest,43.829508308371736,,25.35508064516129,,,Hammersmith and Fulham
(Timest,28.999868845839174,,15.431400080751411,,,Oxford
(Timest,,60.89721975806451,,,,Oxford
(Timest,22.191994949492422,,19.908251231527096,,,Reading
(Timest,20.847085725806448,,18.641246422243427,,,Reading
(Timest,19.92863606182796,,16.574931318681315,9.107520604395605,,Watford
(Timest,46.893144767512084,47.71466361666666,27.05958333333333,18.133585858585857,,Hammersmith and Fulham
(Timest,38.20746345169082,,26.484752415458935,,,Hammersmith and Fulham
(Timest,17.29719663345411,,20.877922705314006,,,Oxford
(Timest,,65.07661890277778,,,,Oxford
(Timest,22.670376515700482,,26.786944444444448,,,Reading
(Timest,21.03080907729469,,26.46130684657672,,,Reading
(Timest,17.54392422222223,,21.435609903381643,13.115513285024152,,Watford
(Timest,36.625831963412935,53.49328925657851,20.56237834162098,12.777649769585254,,Hammersmith and Fulham
(Timest,32.44372976735092,,26.87229680090831,,,Hammersmith and Fulham
(Timest,13.768690029219261,,17.557350581924656,,,Oxford
(Timest,,65.63179572522208,,,,Oxford
(Timest,17.96647116324536,,22.729720853858787,,,Reading
(Timest,14.805609975455821,,17.429301075268818,,,Reading
(Timest,15.647755018328446,,12.73207478005865,6.647409579667644,,Watford
(Timest,34.42905870833333,44.95827487077295,16.34,12.84484840912877,,Hammersmith and Fulham
(Timest,35.73033407824863,,28.050126811594208,,,Hammersmith and Fulham
(Timest,20.091597341985068,,15.977519151138715,,,Oxford
(Timest,,55.18599070833332,,,,Oxford
(Timest,25.083479013888898,,20.437240338164248,,,Reading
(Timest,17.050060840992884,,16.844649758454104,,,Reading
(Timest,14.892228693608892,,11.012222222222222,5.853472222222221,,Watford
(Timest,23.937613393578136,36.48640505201028,12.837915444770283,10.78312614220749,,Hammersmith and Fulham
(Timest,34.15913978942182,,25.65756227876845,,,Hammersmith and Fulham
(Timest,20.297973889083682,,13.521908602150537,,,Oxford
(Timest,,36.264133831867056,,,,Oxford
(Timest,19.47496781027314,,14.585986442262739,,,Reading
(Timest,11.913199191795227,,13.430692778899946,,,Reading
(Timest,13.996533955072465,,8.29220430107527,3.69274193548387,,Watford
(Timest,39.40283801962474,43.359620728143994,19.969281524926693,14.985119427089973,,Hammersmith and Fulham
(Timest,34.87580500759701,,28.26167017297803,,,Hammersmith and Fulham
(Timest,24.427022338071612,,17.197755429470018,,,Oxford
(Timest,,44.42921138440859,,,,Oxford
(Timest,26.424850210963065,,19.993010752688175,,,Reading
(Timest,16.141761122019634,,18.668145161290322,,,Reading
(Timest,16.106197399397704,,12.990456989247308,7.366532258064516,,Watford
(Timest,34.54440307025685,35.21403800065876,19.201492643829603,16.198277022479473,,Hammersmith and Fulham
(Timest,28.590985520339302,,23.270993447546243,,,Hammersmith and Fulham
(Timest,32.08462518201194,,18.73741849374458,,,Oxford
(Timest,,38.092747627777776,,,,Oxford
(Timest,28.329401319444447,,21.06815476190476,,,Reading
(Timest,19.506998258454107,,18.447120114185335,,,Reading
(Timest,21.314808986111114,,12.391527777777775,6.321944444444445,,Watford
(Timest,38.46775132813579,32.32202568164362,14.149554880603267,12.90357643758766,,Hammersmith and Fulham
(Timest,30.627177043595143,,9.82826565089889,,,Oxford
(Timest,,35.967350120967744,,,,Oxford
(Timest,26.925318795582047,,18.179838709677416,,,Reading
(Timest,18.458861103319308,,14.550940860215054,,,Reading
(Timest,21.906484596774202,,8.411949233716477,4.749648092620356,,Watford
(Timest,36.335552126036774,27.19248102777777,22.390555555555558,21.203743961352657,,Hammersmith and Fulham
(Timest,43.357517476325754,,26.757638888888888,,,Hammersmith and Fulham
(Timest,33.211909394323676,,15.927222222222218,,,Oxford
(Timest,,30.002101375,,,,Oxford
(Timest,29.385284981259367,,28.183057029177718,,,Reading
(Timest,24.913824757850236,,23.683979468599038,,,Reading
(Timest,33.84229652083334,,18.66262456050081,13.248256581768288,,Watford
(Timest,,15.609422499999996,20.458333333333332,12.958333333333334,,Hammersmith and Fulham
(Timest,44.156837083333336,,18.658333333333335,,,Hammersmith and Fulham
(Timest,50.38906416666666,,12.6625,,,Oxford
(Timest,,23.08012583333333,,,,Oxford
(Timest,30.52017916666667,,18.925,,,Reading
(Timest,28.093961249999996,,14.341666666666667,,,Reading
(Timest,,,14.737500000000002,6.683333333333334,,Watford
