,Year,Area Name,Radius Location,heathrow_distance,CCG_Poll_Map,LAT,LONG,<75 Coronary Heart Disease,Asthma,Asthma Admissions Over 19yr,Asthma Admissions Under 19yr,Asthma Prevalence,Atrial Fibrillation Prevalence,CHD Admissions,CHD Prevalence,CKD Prevalence,COPD (contributory cause),COPD Admissions,COPD Prevalence,Diabetes Prevalence,Heart Failure Admissions,Heart Failure Prevalence,Hypertension Prevalence,Pneumonia (all mentions),Pneumonia Admissions,Respiratory Admissions,Respiratory Tract Admissions 1yr,Respiratory Tract Admissions U1yr,Stroke Admissions,Stroke Atrial Fib Admissions,Stroke: Prevalence,Under 75 Resp Disease
0,2003,NHS Berkshire West CCG,Outer,49791.74229301535,Reading,51.4458,-1.16963,57.82,,,,,,639.3530000000002,,,,,,,118.79299999999999,,,,,,,,,,,
1,2003,NHS Brent CCG,Outer,16247.542448550688,No Pollution Readings,51.5644,-0.27568000000000004,76.04,,,,,,712.0,,,,,,,153.253,,,,,,,,,,,
2,2003,NHS Buckinghamshire CCG,Outer,38818.06152693847,No Pollution Readings,51.7414,-0.8064399999999999,51.21,,,,,,730.138,,,,,,,107.01100000000001,,,,,,,,,,,
3,2003,NHS Croydon CCG,Outer,28645.84070326317,No Pollution Readings,51.36600000000001,-0.07761,65.63,,,,,,874.317,,,,,,,176.3,,,,,,,,,,,
4,2003,NHS Ealing CCG,Inner,11465.530928651922,Ealing,51.5244,-0.31405,82.91,,,,,,954.9939999999999,,,,,,,193.386,,,,,,,,,,,
5,2003,NHS East Berkshire CCG,Outer,15803.713433617613,East Berkshire,51.4541,-0.6802600000000001,67.88,,,,,,762.508,,,,,,,124.875,,,,,,,,,,,
6,2003,NHS Guildford and Waverley CCG,Outer,33590.833861625535,No Pollution Readings,51.1811,-0.59422,54.07,,,,,,557.888,,,,,,,101.744,,,,,,,,,,,
7,2003,NHS Hammersmith And Fulham CCG,Outer,16573.145489786915,Hammersmith and Fulham,51.4873,-0.21735,75.75,,,,,,702.8580000000003,,,,,,,186.783,,,,,,,,,,,
8,2003,NHS Harrow CCG,Outer,16107.86486926796,No Pollution Readings,51.5946,-0.33603,66.75,,,,,,678.107,,,,,,,132.658,,,,,,,,,,,
9,2003,NHS Herts Valleys CCG,Outer,29114.522131028312,Watford,51.7317,-0.45521000000000006,50.97,,,,,,641.306,,,,,,,121.78399999999999,,,,,,,,,,,
10,2003,NHS Hillingdon CCG,Inner,7458.185529065558,Hillingdon,51.5366,-0.4418,65.95,,,,,,673.577,,,,,,,138.246,,,,,,,,,,,
11,2003,NHS Hounslow CCG,Inner,5336.9847118736625,Hounslow,51.4624,-0.37847,85.5,,,,,,1017.0,,,,,,,196.43200000000002,,,,,,,,,,,
12,2003,NHS Kingston CCG,Inner,14640.309417301552,South West London,51.3929,-0.28371999999999997,52.39,,,,,,843.928,,,,,,,123.274,,,,,,,,,,,
13,2003,NHS Merton CCG,Outer,19616.70838254888,South West London,51.4106,-0.18867,57.05,,,,,,695.069,,,,,,,164.048,,,,,,,,,,,
14,2003,NHS North West Surrey CCG,Inner,12083.807829583408,Surrey Heartlands,51.3683,-0.5151899999999999,54.8,,,,,,646.219,,,,,,,153.934,,,,,,,,,,,
15,2003,NHS Oxfordshire CCG,Outer,66982.40788744198,Oxford,51.7715,-1.29146,53.73,,,,,,537.195,,,,,,,132.253,,,,,,,,,,,
16,2003,NHS Richmond CCG,Inner,11948.414951951743,South West London,51.4403,-0.28911,54.17,,,,,,638.891,,,,,,,144.91899999999995,,,,,,,,,,,
17,2003,NHS Surrey Heath CCG,Outer,23497.239588936216,No Pollution Readings,51.3281,-0.70434,48.03,,,,,,723.97,,,,,,,84.60600000000002,,,,,,,,,,,
18,2003,NHS Sutton CCG,Outer,23268.289513397358,South West London,51.3576,-0.17227,53.69,,,,,,730.8480000000003,,,,,,,174.196,,,,,,,,,,,
19,2003,NHS Wandsworth CCG,Outer,17762.401872896982,South West London,51.4524,-0.20027999999999999,71.29,,,,,,828.778,,,,,,,208.127,,,,,,,,,,,
20,2004,NHS Berkshire West CCG,Outer,49791.74229301535,Reading,51.4458,-1.16963,55.28,,,,,,552.864,,,,,,,121.822,,,,,,,,,,,
21,2004,NHS Brent CCG,Outer,16247.542448550688,No Pollution Readings,51.5644,-0.27568000000000004,68.2,,,,,,801.393,,,,,,,205.12,,,,,,,,,,,
22,2004,NHS Buckinghamshire CCG,Outer,38818.06152693847,No Pollution Readings,51.7414,-0.8064399999999999,46.66,,,,,,837.763,,,,,,,109.875,,,,,,,,,,,
23,2004,NHS Croydon CCG,Outer,28645.84070326317,No Pollution Readings,51.36600000000001,-0.07761,59.2,,,,,,863.4939999999997,,,,,,,175.274,,,,,,,,,,,
24,2004,NHS Ealing CCG,Inner,11465.530928651922,Ealing,51.5244,-0.31405,70.77,,,,,,1015.4630000000001,,,,,,,199.53799999999998,,,,,,,,,,,
25,2004,NHS East Berkshire CCG,Outer,15803.713433617613,East Berkshire,51.4541,-0.6802600000000001,62.29,,,,,,828.13,,,,,,,123.189,,,,,,,,,,,
26,2004,NHS Guildford and Waverley CCG,Outer,33590.833861625535,No Pollution Readings,51.1811,-0.59422,49.1,,,,,,545.993,,,,,,,85.96600000000002,,,,,,,,,,,
27,2004,NHS Hammersmith And Fulham CCG,Outer,16573.145489786915,Hammersmith and Fulham,51.4873,-0.21735,65.68,,,,,,606.682,,,,,,,136.246,,,,,,,,,,,
28,2004,NHS Harrow CCG,Outer,16107.86486926796,No Pollution Readings,51.5946,-0.33603,62.85999999999999,,,,,,728.3589999999997,,,,,,,182.699,,,,,,,,,,,
29,2004,NHS Herts Valleys CCG,Outer,29114.522131028312,Watford,51.7317,-0.45521000000000006,48.24,,,,,,711.467,,,,,,,131.093,,,,,,,,,,,
30,2004,NHS Hillingdon CCG,Inner,7458.185529065558,Hillingdon,51.5366,-0.4418,62.34,,,,,,713.2660000000003,,,,,,,159.834,,,,,,,,,,,
31,2004,NHS Hounslow CCG,Inner,5336.9847118736625,Hounslow,51.4624,-0.37847,74.39,,,,,,1081.411,,,,,,,181.43,,,,,,,,,,,
32,2004,NHS Kingston CCG,Inner,14640.309417301552,South West London,51.3929,-0.28371999999999997,48.38,,,,,,888.1210000000003,,,,,,,140.97,,,,,,,,,,,
33,2004,NHS Merton CCG,Outer,19616.70838254888,South West London,51.4106,-0.18867,46.83,,,,,,724.655,,,,,,,172.083,,,,,,,,,,,
34,2004,NHS North West Surrey CCG,Inner,12083.807829583408,Surrey Heartlands,51.3683,-0.5151899999999999,52.68,,,,,,637.837,,,,,,,146.665,,,,,,,,,,,
35,2004,NHS Oxfordshire CCG,Outer,66982.40788744198,Oxford,51.7715,-1.29146,51.04,,,,,,475.097,,,,,,,128.533,,,,,,,,,,,
36,2004,NHS Richmond CCG,Inner,11948.414951951743,South West London,51.4403,-0.28911,51.52,,,,,,672.35,,,,,,,149.725,,,,,,,,,,,
37,2004,NHS Surrey Heath CCG,Outer,23497.239588936216,No Pollution Readings,51.3281,-0.70434,43.35999999999999,,,,,,780.5419999999997,,,,,,,118.583,,,,,,,,,,,
38,2004,NHS Sutton CCG,Outer,23268.289513397358,South West London,51.3576,-0.17227,48.54,,,,,,801.155,,,,,,,187.623,,,,,,,,,,,
39,2004,NHS Wandsworth CCG,Outer,17762.401872896982,South West London,51.4524,-0.20027999999999999,62.6,,,,,,732.955,,,,,,,214.113,,,,,,,,,,,
40,2005,NHS Berkshire West CCG,Outer,49791.74229301535,Reading,51.4458,-1.16963,52.84,,,,,,572.0790000000002,,,,,,,124.288,,,,,,,,,,,
41,2005,NHS Brent CCG,Outer,16247.542448550688,No Pollution Readings,51.5644,-0.27568000000000004,64.23,,,,,,938.495,,,,,,,178.52,,,,,,,,,,,
42,2005,NHS Buckinghamshire CCG,Outer,38818.06152693847,No Pollution Readings,51.7414,-0.8064399999999999,45.95000000000001,,,,,,748.26,,,,,,,99.23,,,,,,,,,,,
43,2005,NHS Croydon CCG,Outer,28645.84070326317,No Pollution Readings,51.36600000000001,-0.07761,52.57,,,,,,786.716,,,,,,,151.52,,,,,,,,,,,
44,2005,NHS Ealing CCG,Inner,11465.530928651922,Ealing,51.5244,-0.31405,69.72,,,,,,1158.98,,,,,,,175.25799999999995,,,,,,,,,,,
45,2005,NHS East Berkshire CCG,Outer,15803.713433617613,East Berkshire,51.4541,-0.6802600000000001,56.84,,,,,,839.135,,,,,,,160.47299999999996,,,,,,,,,,,
46,2005,NHS Guildford and Waverley CCG,Outer,33590.833861625535,No Pollution Readings,51.1811,-0.59422,40.63,,,,,,510.345,,,,,,,92.579,,,,,,,,,,,
47,2005,NHS Hammersmith And Fulham CCG,Outer,16573.145489786915,Hammersmith and Fulham,51.4873,-0.21735,58.46,,,,,,629.414,,,,,,,149.179,,,,,,,,,,,
48,2005,NHS Harrow CCG,Outer,16107.86486926796,No Pollution Readings,51.5946,-0.33603,51.330000000000005,,,,,,696.138,,,,,,,145.781,,,,,,,,,,,
49,2005,NHS Herts Valleys CCG,Outer,29114.522131028312,Watford,51.7317,-0.45521000000000006,46.04999999999999,,,,,,741.3489999999997,,,,,,,122.585,,,,,,,,,,,
50,2005,NHS Hillingdon CCG,Inner,7458.185529065558,Hillingdon,51.5366,-0.4418,64.09,,,,,,707.567,,,,,,,166.127,,,,,,,,,,,
51,2005,NHS Hounslow CCG,Inner,5336.9847118736625,Hounslow,51.4624,-0.37847,65.52,,,,,,984.3610000000001,,,,,,,210.518,,,,,,,,,,,
52,2005,NHS Kingston CCG,Inner,14640.309417301552,South West London,51.3929,-0.28371999999999997,47.33,,,,,,968.1419999999999,,,,,,,198.68599999999998,,,,,,,,,,,
53,2005,NHS Merton CCG,Outer,19616.70838254888,South West London,51.4106,-0.18867,39.57,,,,,,701.865,,,,,,,149.45600000000005,,,,,,,,,,,
54,2005,NHS North West Surrey CCG,Inner,12083.807829583408,Surrey Heartlands,51.3683,-0.5151899999999999,48.51,,,,,,641.29,,,,,,,128.143,,,,,,,,,,,
55,2005,NHS Oxfordshire CCG,Outer,66982.40788744198,Oxford,51.7715,-1.29146,45.97,,,,,,492.245,,,,,,,120.954,,,,,,,,,,,
56,2005,NHS Richmond CCG,Inner,11948.414951951743,South West London,51.4403,-0.28911,46.67,,,,,,689.6139999999997,,,,,,,144.871,,,,,,,,,,,
57,2005,NHS Surrey Heath CCG,Outer,23497.239588936216,No Pollution Readings,51.3281,-0.70434,39.91,,,,,,769.847,,,,,,,115.535,,,,,,,,,,,
58,2005,NHS Sutton CCG,Outer,23268.289513397358,South West London,51.3576,-0.17227,46.8,,,,,,762.0010000000003,,,,,,,170.687,,,,,,,,,,,
59,2005,NHS Wandsworth CCG,Outer,17762.401872896982,South West London,51.4524,-0.20027999999999999,56.2,,,,,,736.8839999999999,,,,,,,213.132,,,,,,,,,,,
60,2006,NHS Berkshire West CCG,Outer,49791.74229301535,Reading,51.4458,-1.16963,50.28,2.3215716148238,,,,,474.358,,,24.0179007098287,,,,97.056,,,251.161576308753,,,,,,,,27.8335811075721
61,2006,NHS Brent CCG,Outer,16247.542448550688,No Pollution Readings,51.5644,-0.27568000000000004,60.56,3.56391331040659,,,,,953.635,,,20.1065031007644,,,,147.839,,,195.379895938163,,,,,,,,29.73969042731689
62,2006,NHS Buckinghamshire CCG,Outer,38818.06152693847,No Pollution Readings,51.7414,-0.8064399999999999,43.59,2.45416794405829,,,,,736.253,,,23.3837508337476,,,,88.751,,,210.833533409036,,,,,,,,25.6536125438659
63,2006,NHS Croydon CCG,Outer,28645.84070326317,No Pollution Readings,51.36600000000001,-0.07761,49.0,2.99,,,,,721.423,,,30.56,,,,133.293,,,234.91,,,,,,,,41.23
64,2006,NHS Ealing CCG,Inner,11465.530928651922,Ealing,51.5244,-0.31405,72.51,2.72676935531634,,,,,1226.98,,,25.241722489432203,,,,190.50099999999998,,,228.786987879575,,,,,,,,38.388443248541
65,2006,NHS East Berkshire CCG,Outer,15803.713433617613,East Berkshire,51.4541,-0.6802600000000001,55.23,1.7698546515931899,,,,,806.318,,,33.073353473227,,,,131.106,,,260.21839486640204,,,,,,,,31.198376593685
66,2006,NHS Guildford and Waverley CCG,Outer,33590.833861625535,No Pollution Readings,51.1811,-0.59422,37.33,0.0,,,,,572.336,,,21.9,,,,93.521,,,201.38,,,,,,,,21.6
67,2006,NHS Hammersmith And Fulham CCG,Outer,16573.145489786915,Hammersmith and Fulham,51.4873,-0.21735,57.1,0.0,,,,,721.395,,,45.9597476414909,,,,169.327,,,220.59325331905399,,,,,,,,43.2415809754646
68,2006,NHS Harrow CCG,Outer,16107.86486926796,No Pollution Readings,51.5946,-0.33603,46.73,1.7836302565400401,,,,,823.334,,,16.1279031960819,,,,136.433,,,179.648795887555,,,,,,,,28.653139026118
69,2006,NHS Herts Valleys CCG,Outer,29114.522131028312,Watford,51.7317,-0.45521000000000006,45.53,1.67220827739807,,,,,681.82,,,32.364403052982304,,,,101.23700000000001,,,207.652669692983,,,,,,,,28.431672642207605
70,2006,NHS Hillingdon CCG,Inner,7458.185529065558,Hillingdon,51.5366,-0.4418,62.77,3.27833831966683,,,,,768.904,,,27.3050904979953,,,,131.858,,,239.611618426408,,,,,,,,36.1767857233585
71,2006,NHS Hounslow CCG,Inner,5336.9847118736625,Hounslow,51.4624,-0.37847,60.52,4.1476908524101095,,,,,867.43,,,40.85789106487221,,,,113.88799999999999,,,285.815139463695,,,,,,,,39.00300079884961
72,2006,NHS Kingston CCG,Inner,14640.309417301552,South West London,51.3929,-0.28371999999999997,45.67,4.92,,,,,936.0369999999999,,,28.23,,,,173.12400000000005,,,233.69,,,,,,,,35.01
73,2006,NHS Merton CCG,Outer,19616.70838254888,South West London,51.4106,-0.18867,38.63,3.09,,,,,702.002,,,22.62,,,,134.08700000000002,,,228.39,,,,,,,,28.18
74,2006,NHS North West Surrey CCG,Inner,12083.807829583408,Surrey Heartlands,51.3683,-0.5151899999999999,43.2,1.47,,,,,568.481,,,29.61,,,,111.421,,,213.41,,,,,,,,26.4
75,2006,NHS Oxfordshire CCG,Outer,66982.40788744198,Oxford,51.7715,-1.29146,42.56,1.89530492434237,,,,,500.81300000000016,,,25.9861146274639,,,,98.096,,,197.88277383365602,,,,,,,,25.4612310316064
76,2006,NHS Richmond CCG,Inner,11948.414951951743,South West London,51.4403,-0.28911,41.62,0.0,,,,,606.308,,,30.86,,,,112.25200000000001,,,194.06,,,,,,,,25.88
77,2006,NHS Surrey Heath CCG,Outer,23497.239588936216,No Pollution Readings,51.3281,-0.70434,43.79999999999999,,,,,,640.405,,,27.9129777626958,,,,113.84200000000001,,,213.817472549341,,,,,,,,26.7840430182791
78,2006,NHS Sutton CCG,Outer,23268.289513397358,South West London,51.3576,-0.17227,44.6,0.0,,,,,745.1089999999997,,,23.01,,,,121.911,,,229.53,,,,,,,,34.34
79,2006,NHS Wandsworth CCG,Outer,17762.401872896982,South West London,51.4524,-0.20027999999999999,50.96,1.92,,,,,704.591,,,38.38,,,,176.84799999999996,,,274.77,,,,,,,,38.54
80,2007,NHS Berkshire West CCG,Outer,49791.74229301535,Reading,51.4458,-1.16963,44.35,2.24746043636357,,,,,538.476,,,23.986731122660604,,,,94.584,,,245.52648798679797,,,,,,,,25.9250225560436
81,2007,NHS Brent CCG,Outer,16247.542448550688,No Pollution Readings,51.5644,-0.27568000000000004,57.45000000000001,3.0381146414738303,,,,,902.6210000000001,,,20.9752372110946,,,,159.981,,,195.012707249558,,,,,,,,29.186682479626498
82,2007,NHS Buckinghamshire CCG,Outer,38818.06152693847,No Pollution Readings,51.7414,-0.8064399999999999,41.99,2.46690611400708,,,,,737.982,,,22.8488168974341,,,,102.819,,,208.197597465468,,,,,,,,24.824630065267
83,2007,NHS Croydon CCG,Outer,28645.84070326317,No Pollution Readings,51.36600000000001,-0.07761,44.83,2.81,,,,,627.266,,,30.01,,,,136.101,,,230.8,,,,,,,,36.3
84,2007,NHS Ealing CCG,Inner,11465.530928651922,Ealing,51.5244,-0.31405,70.78,3.10881334449148,,,,,1391.026,,,29.1377920369646,,,,184.65900000000002,,,234.244484672635,,,,,,,,35.2474566247474
85,2007,NHS East Berkshire CCG,Outer,15803.713433617613,East Berkshire,51.4541,-0.6802600000000001,52.419999999999995,2.10508039084351,,,,,805.508,,,33.441139015012695,,,,145.572,,,243.505789509314,,,,,,,,29.6313207730683
86,2007,NHS Guildford and Waverley CCG,Outer,33590.833861625535,No Pollution Readings,51.1811,-0.59422,35.26,0.0,,,,,515.195,,,24.15,,,,79.566,,,199.97,,,,,,,,22.08
87,2007,NHS Hammersmith And Fulham CCG,Outer,16573.145489786915,Hammersmith and Fulham,51.4873,-0.21735,52.85,0.0,,,,,609.58,,,55.3799792808662,,,,158.401,,,238.94174839923198,,,,,,,,36.587326724214286
88,2007,NHS Harrow CCG,Outer,16107.86486926796,No Pollution Readings,51.5946,-0.33603,39.2,0.0,,,,,758.715,,,16.7246973409356,,,,169.453,,,186.58351487669998,,,,,,,,28.310915799716
89,2007,NHS Herts Valleys CCG,Outer,29114.522131028312,Watford,51.7317,-0.45521000000000006,40.73,1.5815467187770105,,,,,683.9119999999998,,,32.0377241645719,,,,97.215,,,201.212685830542,,,,,,,,25.6994931365132
90,2007,NHS Hillingdon CCG,Inner,7458.185529065558,Hillingdon,51.5366,-0.4418,52.52,3.3266104300317,,,,,754.4910000000001,,,27.785227167895695,,,,124.34100000000001,,,230.844448876154,,,,,,,,34.7233686052914
91,2007,NHS Hounslow CCG,Inner,5336.9847118736625,Hounslow,51.4624,-0.37847,61.04,3.4316620192314,,,,,1009.915,,,42.5446326745589,,,,139.946,,,282.93313950548196,,,,,,,,42.4021676918821
92,2007,NHS Kingston CCG,Inner,14640.309417301552,South West London,51.3929,-0.28371999999999997,46.02,4.16,,,,,914.427,,,25.36,,,,170.81799999999996,,,214.59,,,,,,,,31.57
93,2007,NHS Merton CCG,Outer,19616.70838254888,South West London,51.4106,-0.18867,45.65,2.62,,,,,725.808,,,23.8,,,,155.241,,,219.71,,,,,,,,28.77
94,2007,NHS North West Surrey CCG,Inner,12083.807829583408,Surrey Heartlands,51.3683,-0.5151899999999999,36.98,1.23,,,,,588.836,,,26.46,,,,126.62299999999999,,,209.74,,,,,,,,24.82
95,2007,NHS Oxfordshire CCG,Outer,66982.40788744198,Oxford,51.7715,-1.29146,37.05,2.50953235078305,,,,,535.6080000000002,,,26.949143468905,,,,114.61399999999999,,,200.255954161036,,,,,,,,27.655142006644002
96,2007,NHS Richmond CCG,Inner,11948.414951951743,South West London,51.4403,-0.28911,37.84,0.0,,,,,635.9730000000002,,,27.95,,,,135.245,,,184.21,,,,,,,,25.92
97,2007,NHS Surrey Heath CCG,Outer,23497.239588936216,No Pollution Readings,51.3281,-0.70434,43.25,,,,,,559.217,,,23.787913292625,,,,107.57,,,210.554700490592,,,,,,,,29.834456963006
98,2007,NHS Sutton CCG,Outer,23268.289513397358,South West London,51.3576,-0.17227,40.69,0.0,,,,,707.888,,,25.72,,,,130.685,,,222.82,,,,,,,,35.37
99,2007,NHS Wandsworth CCG,Outer,17762.401872896982,South West London,51.4524,-0.20027999999999999,50.86,2.0,,,,,749.9,,,37.47,,,,186.71400000000003,,,261.73,,,,,,,,36.36
100,2008,NHS Berkshire West CCG,Outer,49791.74229301535,Reading,51.4458,-1.16963,39.71,2.9835547078852303,,,,,500.026,,,27.044825681107202,,,,107.249,,,235.927736852874,,,,,,,,25.876173930050307
101,2008,NHS Brent CCG,Outer,16247.542448550688,No Pollution Readings,51.5644,-0.27568000000000004,53.21,3.21479520473663,,,,,875.293,,,24.4403260850735,,,,189.582,,,199.30313141168705,,,,,,,,28.164649712876702
102,2008,NHS Buckinghamshire CCG,Outer,38818.06152693847,No Pollution Readings,51.7414,-0.8064399999999999,37.24,2.94678093621356,,,,,643.779,,,22.5339084150319,,,,93.334,,,203.16153439733398,,,,,,,,24.64486296907549
103,2008,NHS Croydon CCG,Outer,28645.84070326317,No Pollution Readings,51.36600000000001,-0.07761,43.65,1.58,,,,,617.691,,,29.35,,,,106.99600000000001,,,237.57,,,,,,,,36.35
104,2008,NHS Ealing CCG,Inner,11465.530928651922,Ealing,51.5244,-0.31405,65.23,2.9829969085407204,,,,,1222.556,,,31.7703635775153,,,,203.52200000000002,,,241.97571509398202,,,,,,,,36.3702072002943
105,2008,NHS East Berkshire CCG,Outer,15803.713433617613,East Berkshire,51.4541,-0.6802600000000001,49.03,2.15902190186892,,,,,725.533,,,32.3811305816104,,,,140.468,,,237.12441112659698,,,,,,,,29.3801056449608
106,2008,NHS Guildford and Waverley CCG,Outer,33590.833861625535,No Pollution Readings,51.1811,-0.59422,32.7,1.9,,,,,506.949,,,24.12,,,,100.14,,,204.12,,,,,,,,19.56
107,2008,NHS Hammersmith And Fulham CCG,Outer,16573.145489786915,Hammersmith and Fulham,51.4873,-0.21735,48.57,0.0,,,,,496.36699999999996,,,57.8025475520644,,,,119.84700000000001,,,235.368626407117,,,,,,,,39.9929980062583
108,2008,NHS Harrow CCG,Outer,16107.86486926796,No Pollution Readings,51.5946,-0.33603,39.39,0.0,,,,,709.6289999999997,,,15.8633098720506,,,,148.001,,,178.30596049594502,,,,,,,,27.4820275889577
109,2008,NHS Herts Valleys CCG,Outer,29114.522131028312,Watford,51.7317,-0.45521000000000006,35.72,1.60760520881999,,,,,598.813,,,33.376463901550395,,,,109.16799999999999,,,207.348926394029,,,,,,,,25.543866288656698
110,2008,NHS Hillingdon CCG,Inner,7458.185529065558,Hillingdon,51.5366,-0.4418,45.13,2.968732833100649,,,,,729.43,,,31.43015598739069,,,,111.512,,,231.697709921652,,,,,,,,34.4573233182519
111,2008,NHS Hounslow CCG,Inner,5336.9847118736625,Hounslow,51.4624,-0.37847,55.85,3.367125999684009,,,,,868.2130000000003,,,43.4233684410857,,,,146.528,,,268.97059845561796,,,,,,,,38.9829406464005
112,2008,NHS Kingston CCG,Inner,14640.309417301552,South West London,51.3929,-0.28371999999999997,42.17,0.0,,,,,767.456,,,25.39,,,,142.045,,,200.8,,,,,,,,26.54
113,2008,NHS Merton CCG,Outer,19616.70838254888,South West London,51.4106,-0.18867,48.71,2.87,,,,,706.2389999999997,,,28.96,,,,152.144,,,208.44,,,,,,,,26.36
114,2008,NHS North West Surrey CCG,Inner,12083.807829583408,Surrey Heartlands,51.3683,-0.5151899999999999,34.53,1.43,,,,,527.5980000000002,,,24.52,,,,107.32600000000001,,,211.36,,,,,,,,27.43
115,2008,NHS Oxfordshire CCG,Outer,66982.40788744198,Oxford,51.7715,-1.29146,34.57,2.5902496843918597,,,,,448.036,,,27.8362295488763,,,,106.905,,,195.336577320042,,,,,,,,28.346209217153696
116,2008,NHS Richmond CCG,Inner,11948.414951951743,South West London,51.4403,-0.28911,33.33,2.51,,,,,569.861,,,25.09,,,,107.705,,,176.98,,,,,,,,26.74
117,2008,NHS Surrey Heath CCG,Outer,23497.239588936216,No Pollution Readings,51.3281,-0.70434,41.5,,,,,,535.66,,,25.1917712029581,,,,76.69800000000002,,,213.04238272536801,,,,,,,,28.132805244018996
118,2008,NHS Sutton CCG,Outer,23268.289513397358,South West London,51.3576,-0.17227,36.12,0.0,,,,,685.1410000000002,,,26.39,,,,115.439,,,208.01,,,,,,,,31.66
119,2008,NHS Wandsworth CCG,Outer,17762.401872896982,South West London,51.4524,-0.20027999999999999,42.06,0.0,,,,,675.909,,,38.46,,,,160.59,,,239.12,,,,,,,,35.0
120,2009,NHS Berkshire West CCG,Outer,49791.74229301535,Reading,51.4458,-1.16963,37.55,2.65063293878836,,,6.177901211672991,1.13324828013039,451.408,2.3500602149864904,4.151072291554669,28.5081927201514,,,3.962704129185701,113.84200000000001,0.45892980429570795,11.649756570583401,217.621519870592,,,,,,,1.2078746455806202,25.4815409660047
121,2009,NHS Brent CCG,Outer,16247.542448550688,No Pollution Readings,51.5644,-0.27568000000000004,46.77,2.5895885631201003,,,4.45277686290075,0.6005294408373559,845.6,2.07003242994387,2.01923759577164,23.6033202844945,,0.690239528880557,6.65478418315819,207.48,0.478324746281389,11.175805501580903,187.176136188737,,,,,,,0.9657894558675179,25.7645607099208
122,2009,NHS Buckinghamshire CCG,Outer,38818.06152693847,No Pollution Readings,51.7414,-0.8064399999999999,35.16,2.88908657310171,,,6.0199182118696,1.46489662713503,578.119,2.94749084044573,3.21570334587292,22.7677390002663,,,4.7094189159272,81.709,0.586759255942913,12.482908134779803,194.297860113069,,,,,,,1.5078764792759198,23.67329885482389
123,2009,NHS Croydon CCG,Outer,28645.84070326317,No Pollution Readings,51.36600000000001,-0.07761,46.53,1.67,,,4.93691180859859,0.873432855799917,635.533,2.2856499636449903,3.17404347679766,28.05,,0.874544700565509,5.56958131784093,126.87,0.45907703915084397,11.892498699433801,226.87,,,,,,,1.2019969394864098,33.51
124,2009,NHS Ealing CCG,Inner,11465.530928651922,Ealing,51.5244,-0.31405,55.85999999999999,3.24362718102533,,,5.17775043019173,0.84587018790582,931.038,2.6711690144394304,2.6969959597265296,36.395967841651796,,0.851060429286068,6.38377504510158,163.069,0.497834225122989,12.0269804870263,246.39752837877003,,,,,,,1.00686832032748,35.305082144957
125,2009,NHS East Berkshire CCG,Outer,15803.713433617613,East Berkshire,51.4541,-0.6802600000000001,45.09,3.59194295609873,,,5.36625564956569,1.06772312905323,739.576,2.65779115417492,2.72522743270877,31.0190001941157,,,5.351022674726339,136.056,0.51441119113063,10.7476109311098,227.372248997623,,,,,,,1.2724639016425299,29.567701196798602
126,2009,NHS Guildford and Waverley CCG,Outer,33590.833861625535,No Pollution Readings,51.1811,-0.59422,29.28,1.66,,,5.8671319978084,1.57467655292426,501.163,2.7247105999848698,4.42602726328894,25.02,,1.0842890885065402,4.05382957536314,105.999,0.562249375803889,12.0176666414466,203.08,,,,,,,1.48199288794734,16.93
127,2009,NHS Hammersmith And Fulham CCG,Outer,16573.145489786915,Hammersmith and Fulham,51.4873,-0.21735,48.84,0.0,,,4.7313292300817595,0.80215970320643,488.533,1.81576274180726,2.1019750391054197,57.4599537442212,,1.04319053521367,4.0133825295930805,142.61700000000005,0.45104231074993395,9.423858316403141,223.917657856775,,,,,,,0.936865117922445,37.770664975182704
128,2009,NHS Harrow CCG,Outer,16107.86486926796,No Pollution Readings,51.5946,-0.33603,38.02,1.6523090058516898,,,5.423829408398159,1.02454423191871,719.498,2.8392109982068106,3.1762648480851,16.1214836720373,,0.791911312715942,7.010659203239441,153.494,0.5528989838613271,12.9062686790197,179.701730333362,,,,,,,1.2309473998804499,25.650230568190302
129,2009,NHS Herts Valleys CCG,Outer,29114.522131028312,Watford,51.7317,-0.45521000000000006,34.71,1.8008516127284802,,,5.692680984580621,1.43341950646298,555.523,2.78317273795535,4.094415912116371,34.2402231250927,,1.20503248244859,4.3769817088010905,110.70700000000001,0.5713748531139841,12.546180963572304,205.03575820610803,,,,,,,1.6235017626322,25.211049761381396
130,2009,NHS Hillingdon CCG,Inner,7458.185529065558,Hillingdon,51.5366,-0.4418,41.13,2.56072882907522,,,5.285273863640519,1.1085920615876101,576.269,2.60286364204096,3.4507435333276004,35.0044446323322,,1.1779592523378202,5.708526975522901,147.828,0.513230056508295,12.690710763070099,225.07057358600602,,,,,,,1.20586353984913,30.7374860127874
131,2009,NHS Hounslow CCG,Inner,5336.9847118736625,Hounslow,51.4624,-0.37847,50.79,2.79164250400251,,,4.60829126753846,0.8076516212289471,874.382,2.4554365049754,3.39084588541811,38.920084620522296,,0.8692714336817842,5.89901166431567,170.50099999999995,0.4867856782298379,11.4897221941788,240.116282745855,,,,,,,1.04555769661269,39.163753024015605
132,2009,NHS Kingston CCG,Inner,14640.309417301552,South West London,51.3929,-0.28371999999999997,41.91,0.0,,,4.72467851998276,0.9880753622843972,793.194,2.2132175132347403,2.87236451342214,27.26,,0.9604971242915872,4.16290335576181,152.034,0.445020112057134,10.1237619350354,193.65,,,,,,,1.00887069462352,23.7
133,2009,NHS Merton CCG,Outer,19616.70838254888,South West London,51.4106,-0.18867,46.54,2.53,,,4.78991917399063,0.860072775388687,603.436,2.18966418746599,2.90802776076515,30.84,,1.01390360043133,4.92997309430859,145.05100000000004,0.47005218059394105,10.4227801905819,198.34,,,,,,,1.00412962982724,26.36
134,2009,NHS North West Surrey CCG,Inner,12083.807829583408,Surrey Heartlands,51.3683,-0.5151899999999999,31.59,1.76,,,5.0979176710976395,1.4081348123901298,519.87,2.70594653573377,4.712188500858519,26.76,,1.2523819363133402,4.94916206218294,117.22200000000001,0.528580954112869,12.294962720494599,210.29,,,,,,,1.44329271988846,28.21
135,2009,NHS Oxfordshire CCG,Outer,66982.40788744198,Oxford,51.7715,-1.29146,32.09,2.55712483166752,,,5.86478726485042,1.33033512258813,405.874,2.66357173944581,4.8739807349312505,30.162441530285893,,1.09725555140002,4.29199856118187,102.51799999999999,0.608669020100908,11.655786063155901,188.08587570057705,,,,,,,1.5866337830649495,28.4062549243124
136,2009,NHS Richmond CCG,Inner,11948.414951951743,South West London,51.4403,-0.28911,28.57,2.46,,,4.50887449042681,1.18137984270643,596.029,1.97567878998065,3.16201163366006,23.47,,0.921378700217652,3.23599099682924,104.682,0.49224160112768106,10.113327441350501,174.46,,,,,,,1.1108997952722401,25.65
137,2009,NHS Surrey Heath CCG,Outer,23497.239588936216,No Pollution Readings,51.3281,-0.70434,33.24,,,,5.6511381683430395,1.36133753793062,625.757,2.8999821502945204,4.4622780415092,22.188035980829202,,1.08412740427034,4.63320740666691,105.069,0.481942047956209,12.681620753257599,217.41081418975398,,,,,,,1.44820610459927,27.8516930390822
138,2009,NHS Sutton CCG,Outer,23268.289513397358,South West London,51.3576,-0.17227,33.9,0.0,,,5.67835804927827,1.11946585129949,662.052,2.5971108545755204,3.83594557844557,30.47,,1.2722813832151,5.00853822783626,134.32399999999998,0.562852953105987,11.972169355090301,200.9,,,,,,,1.27858725156781,31.16
139,2009,NHS Wandsworth CCG,Outer,17762.401872896982,South West London,51.4524,-0.20027999999999999,37.8,0.0,,,4.06608202626785,0.661801888678513,617.068,1.4823656697987802,1.60532305384698,39.85,,0.7939347427700592,3.6869367708102203,176.16299999999995,0.301059588630296,8.24973833688098,221.27,,,,,,,0.766173132783743,34.12
140,2010,NHS Berkshire West CCG,Outer,49791.74229301535,Reading,51.4458,-1.16963,36.41,3.0178517138365204,,,6.2345561253689095,1.1879299316598002,472.579,2.36104720972249,4.06166178577444,30.035545120402602,,,4.0997533148158904,101.781,0.47467821754401707,11.928450394442999,212.711257841525,,,,,,,1.2346122339052699,24.80158551057
141,2010,NHS Brent CCG,Outer,16247.542448550688,No Pollution Readings,51.5644,-0.27568000000000004,49.65,3.93187239016475,,,4.4436213437492995,0.6110767326732671,712.1360000000003,2.08815378820491,2.0508623246116597,25.4914811527063,,0.697016634116776,6.87824884666512,203.267,0.501103099440379,11.4204423159707,188.318604332071,,,,,,,0.9843817262161,28.118257329728603
142,2010,NHS Buckinghamshire CCG,Outer,38818.06152693847,No Pollution Readings,51.7414,-0.8064399999999999,32.33,2.72377918830338,,,5.99927606127116,1.51043748077692,560.97,2.9355087761878598,3.27544621932948,25.2523645594672,,,4.86395343071868,78.507,0.585218677619204,12.676250834308,186.433751102559,,,,,,,1.5252928708773703,23.203703591933998
143,2010,NHS Croydon CCG,Outer,28645.84070326317,No Pollution Readings,51.36600000000001,-0.07761,46.02,2.12,,,4.8391217523241385,0.8901441950349341,626.987,2.25687527872752,3.19222567042683,31.98,,0.9124515748914179,5.70631869609452,148.60399999999996,0.439720529210644,11.9093206481344,229.64,,,,,,,1.2154006243496398,36.82
144,2010,NHS Ealing CCG,Inner,11465.530928651922,Ealing,51.5244,-0.31405,51.13,2.9771013643387003,,,5.0287703438153475,0.8457057955879029,912.9689999999999,2.57560749776596,2.5489922803966,34.9454263029539,,0.824793152268506,6.391489016489492,185.453,0.495257372336646,11.8274997039222,241.37590581747799,,,,,,,0.9967054618275,34.2132213193597
145,2010,NHS East Berkshire CCG,Outer,15803.713433617613,East Berkshire,51.4541,-0.6802600000000001,43.35999999999999,4.15872723481611,,,5.42061229188224,1.10507021800344,601.419,2.64478114904027,2.85734031426091,33.3907944793291,,,5.563449379992338,122.463,0.5110443773733839,10.9682267013097,226.73676852742,,,,,,,1.3077170230906001,28.7460188755604
146,2010,NHS Guildford and Waverley CCG,Outer,33590.833861625535,No Pollution Readings,51.1811,-0.59422,25.44,3.21,,,6.0407109689547305,1.5874692685925,444.126,2.72597188076214,4.34328053137469,24.3,,1.1372510509752198,4.21382671843595,76.604,0.539240165949601,12.464946988322101,211.85,,,,,,,1.51448217578365,19.88
147,2010,NHS Hammersmith And Fulham CCG,Outer,16573.145489786915,Hammersmith and Fulham,51.4873,-0.21735,52.0,0.0,,,4.555462442939611,0.8184214924600629,483.371,1.7780988683355001,2.08294137786826,53.9026321809376,,1.07952800578802,4.16120436467628,177.28099999999995,0.4399419880417729,9.45390044155942,213.730557692488,,,,,,,0.9364941583683328,37.973793323937706
148,2010,NHS Harrow CCG,Outer,16107.86486926796,No Pollution Readings,51.5946,-0.33603,40.76,2.56248325490715,,,5.40309534530778,1.06674901839679,591.3380000000002,2.82039970000441,3.1293113704029705,18.9019273497126,,0.8171978452660901,7.13165992247149,98.416,0.55013896854458,12.9161335862708,176.746694786175,,,,,,,1.26439317068867,26.074988444084106
149,2010,NHS Herts Valleys CCG,Outer,29114.522131028312,Watford,51.7317,-0.45521000000000006,35.48,1.60494397103065,,,5.68059603255651,1.48747556826069,544.736,2.7753705558619304,3.9566340649916696,35.6236549636374,,1.25632317666896,4.553564415814151,95.38,0.576045078200323,12.7024411105984,200.339097220955,,,,,,,1.6487906992448202,26.650469044815306
150,2010,NHS Hillingdon CCG,Inner,7458.185529065558,Hillingdon,51.5366,-0.4418,43.669999999999995,2.73740919675276,,,5.31551542074792,1.1337730860704098,579.281,2.5675844829744396,3.36242154161138,38.641098158119895,,1.2008884681207401,5.94236133421508,139.30200000000002,0.51662728110669,12.9323718957794,224.361912469742,,,,,,,1.22215352402772,33.6477796308702
151,2010,NHS Hounslow CCG,Inner,5336.9847118736625,Hounslow,51.4624,-0.37847,45.6,3.01215383598685,,,4.52552357265367,0.8158800146975309,765.9760000000001,2.3315629488592697,3.1512117378901805,43.6481711006597,,0.9062456028263608,5.8883659265378,143.379,0.456375054280656,11.294551892307195,233.94710888627202,,,,,,,1.03592544343121,33.8404769224762
152,2010,NHS Kingston CCG,Inner,14640.309417301552,South West London,51.3929,-0.28371999999999997,39.98,0.0,,,4.812392498836768,1.01580335179712,764.331,2.20444664672813,2.7886984213127297,28.34,,0.99436942235606,4.3085728231220095,110.23700000000001,0.4612997799682629,10.2636251555854,192.86,,,,,,,1.03468006913598,24.77
153,2010,NHS Merton CCG,Outer,19616.70838254888,South West London,51.4106,-0.18867,43.04,2.99,,,4.73820085293321,0.886467840767879,654.22,2.1810858293696698,2.85341854367506,35.55,,1.056420057718,5.06433954937133,135.53,0.459035008784334,10.4946008484381,203.68,,,,,,,1.02358915027639,23.35
154,2010,NHS North West Surrey CCG,Inner,12083.807829583408,Surrey Heartlands,51.3683,-0.5151899999999999,31.77,2.01,,,5.18534218561142,1.4572020750509098,471.43,2.67108261417628,4.49798694542344,29.45,,1.26855283584142,5.105659171672451,107.51100000000001,0.5054300397556479,12.484849219431801,209.03,,,,,,,1.5108358382623899,27.27
155,2010,NHS Oxfordshire CCG,Outer,66982.40788744198,Oxford,51.7715,-1.29146,30.709999999999997,2.05533955187409,,,5.88536208562254,1.40001554313544,451.89,2.68329566281758,4.50644944593923,31.9588613402382,,1.1512900675105902,4.4177562174281695,111.87299999999999,0.603591759547695,11.9552616751614,179.577536161016,,,,,,,1.64287703436976,26.8780391257484
156,2010,NHS Richmond CCG,Inner,11948.414951951743,South West London,51.4403,-0.28911,26.62,2.46,,,4.51030143103623,1.23581265665925,538.186,1.98777705804489,3.0635036223402405,26.21,,0.9753374606718772,3.2988894795467,123.449,0.476525755484834,10.2999408567325,180.95,,,,,,,1.1434365054777902,25.46
157,2010,NHS Surrey Heath CCG,Outer,23497.239588936216,No Pollution Readings,51.3281,-0.70434,33.6,,,,5.741293532338308,1.40027933961251,666.3480000000002,2.9068032326994504,4.44065620149669,26.1952480106704,,1.12216694306247,4.83158650348281,74.266,0.4703410569542429,12.9475104155475,207.700126803194,,,,,,,1.5136864472537601,23.629602548764
158,2010,NHS Sutton CCG,Outer,23268.289513397358,South West London,51.3576,-0.17227,30.2,2.47,,,5.71294086739497,1.1249612403100802,645.258,2.62511627906977,3.72753280726692,36.04,,1.2758062044354899,5.1842233893478875,127.631,0.5618604651162789,12.0967441860465,195.59,,,,,,,1.3041860465116295,29.79
159,2010,NHS Wandsworth CCG,Outer,17762.401872896982,South West London,51.4524,-0.20027999999999999,37.1,0.0,,,4.10654675249263,0.672848775231829,586.0319999999998,1.4861131807292398,1.6077485844531298,41.28,,0.8187224627171681,3.851557898229379,164.304,0.30920094909503604,8.41634094061278,222.06,,,,,,,0.7765844041219151,32.75
160,2011,NHS Berkshire West CCG,Outer,49791.74229301535,Reading,51.4458,-1.16963,37.67,3.0927866599857,,,6.19782842037098,1.22084822893843,468.713,2.3323634557212403,3.95601993025338,31.2841311746253,,,4.2152035333340905,96.958,0.4816861677119461,11.944131501210899,213.300487250434,,,,,,,1.25810572257361,25.2541688656899
161,2011,NHS Brent CCG,Outer,16247.542448550688,No Pollution Readings,51.5644,-0.27568000000000004,50.96,4.03138433145416,,,4.86064279056106,0.681431601346764,843.9019999999997,2.2290898145750098,2.36755935372845,25.4601168321151,,0.775988418620125,7.86182581920516,237.075,0.536185522990879,12.361666235011699,187.27216830461998,,,,,,,1.0580214334213,26.490427326584506
162,2011,NHS Buckinghamshire CCG,Outer,38818.06152693847,No Pollution Readings,51.7414,-0.8064399999999999,30.320000000000004,2.4854494527374302,,,5.96487525938063,1.56611076975275,520.178,2.96547315371677,3.31721813742984,28.5518828242556,,,5.08223847717929,79.752,0.581964279433883,12.8592796717995,176.75933171753996,,,,,,,1.5584560671793202,19.5115195934638
163,2011,NHS Croydon CCG,Outer,28645.84070326317,No Pollution Readings,51.36600000000001,-0.07761,45.04,2.18,,,4.89300704590928,0.9177272337036808,773.7719999999997,2.28010811418895,3.30946005499543,35.0,,0.983192597751883,6.06163896240069,138.618,0.439324908005246,11.9677552095823,225.22,,,,,,,1.2196890976965,34.75
164,2011,NHS Ealing CCG,Inner,11465.530928651922,Ealing,51.5244,-0.31405,48.52,3.2728090133073398,,,4.923172214564411,0.867277766603014,1011.867,2.53391395664134,2.48487616320136,39.417830330312,,0.8252672408759871,6.5690578985408195,167.24900000000005,0.48457839067728603,11.7032865125246,233.855014347258,,,,,,,0.9991980292941348,30.5349940184054
165,2011,NHS East Berkshire CCG,Outer,15803.713433617613,East Berkshire,51.4541,-0.6802600000000001,43.62,3.8350888281143396,,,5.29967314682166,1.1008098338022099,555.815,2.5970105676754303,2.92732713982763,34.5083859125703,,,5.7231898025084975,131.553,0.501042911541802,10.9286737579703,222.63990251076598,,,,,,,1.31607271431647,27.5934653004516
166,2011,NHS Guildford and Waverley CCG,Outer,33590.833861625535,No Pollution Readings,51.1811,-0.59422,23.87,2.31,,,6.01394538059268,1.6445350943503898,456.56,2.70333233491654,4.11054571885986,22.12,,1.16258364416787,4.28124276214463,78.148,0.53201352141604,12.5943147295004,208.79,,,,,,,1.52282333252509,20.87
167,2011,NHS Hammersmith And Fulham CCG,Outer,16573.145489786915,Hammersmith and Fulham,51.4873,-0.21735,51.99,0.0,,,4.46676004958028,0.80826060028833,547.249,1.73778631317626,1.96539301706891,54.6968540562496,,1.07323168703959,4.19142167094014,171.842,0.41688135275656896,9.31451382057968,200.053537865855,,,,,,,0.942016539936817,32.083831486017296
168,2011,NHS Harrow CCG,Outer,16107.86486926796,No Pollution Readings,51.5946,-0.33603,40.46,3.48373842180652,,,5.42900632894491,1.1056727840107,771.302,2.89165242588602,3.1042958253999196,21.398203968088698,,0.8678932891820441,7.711142326343629,131.586,0.566071030537187,13.2857195928375,182.52043737701197,,,,,,,1.27470465859276,25.761081193927
169,2011,NHS Herts Valleys CCG,Outer,29114.522131028312,Watford,51.7317,-0.45521000000000006,34.41,1.51389220835651,,,5.62889726232952,1.5112048101578999,497.162,2.7488198904533396,4.00972920770546,35.5924995572255,,1.2656307312681299,4.677888589310482,84.679,0.573209251837316,12.678539451749801,192.941344553513,,,,,,,1.64799967508912,27.6440717579672
170,2011,NHS Hillingdon CCG,Inner,7458.185529065558,Hillingdon,51.5366,-0.4418,43.16,2.45870952469788,,,5.21427863303545,1.14198846888267,646.618,2.5120038560649602,3.3543532954078703,40.955165183452,,1.18681754450566,6.19032467737368,155.977,0.494985261674793,12.9345025120039,215.463531366937,,,,,,,1.2239298492797699,30.927267125109402
171,2011,NHS Hounslow CCG,Inner,5336.9847118736625,Hounslow,51.4624,-0.37847,47.66,3.11373984422536,,,4.46233124959629,0.830518237153043,852.105,2.3020221990441603,3.0368849284141404,42.0648504858523,,0.9344519962966421,5.979973492243952,175.213,0.457290969379018,11.1314351541946,243.393209019077,,,,,,,1.03172626367981,34.049702559322
172,2011,NHS Kingston CCG,Inner,14640.309417301552,South West London,51.3929,-0.28371999999999997,40.15,3.44,,,4.848908149065299,1.0603079060076401,683.0139999999999,2.2508392175020298,2.6832739476953797,30.35,,1.0630135826573799,4.56849827272592,139.343,0.472276883898599,10.5643014237759,196.54,,,,,,,1.04062970251186,24.74
173,2011,NHS Merton CCG,Outer,19616.70838254888,South West London,51.4106,-0.18867,40.12,2.26,,,4.7646610384843395,0.896693840820869,546.9490000000002,2.1549406020202198,2.77215445703142,37.84,,1.07010757545811,5.31098440425212,147.73,0.461126405077715,10.6027124456206,213.64,,,,,,,1.03780065068876,28.38
174,2011,NHS North West Surrey CCG,Inner,12083.807829583408,Surrey Heartlands,51.3683,-0.5151899999999999,29.35,1.7,,,5.11560511560512,1.5086880880741105,480.431,2.66578414435312,4.527919941880629,31.88,,1.2860603769694698,5.28634831133114,107.53299999999999,0.506134643352694,12.679781029211302,205.05,,,,,,,1.5214401306780705,23.5
175,2011,NHS Oxfordshire CCG,Outer,66982.40788744198,Oxford,51.7715,-1.29146,29.86,2.51836876425488,,,5.853926240039638,1.421243532387,448.69300000000004,2.65946018210379,4.11769393533116,35.1328989861294,,1.170900479941,4.50938907921964,110.31700000000001,0.590460638875228,11.937490749184699,182.074002306199,,,,,,,1.65424471171674,26.082043995822396
176,2011,NHS Richmond CCG,Inner,11948.414951951743,South West London,51.4403,-0.28911,28.79,0.0,,,4.4693273533541396,1.28847931430492,532.3240000000002,1.9808968936444398,2.9174818397446205,28.09,,0.994979645847854,3.45217379542297,113.227,0.452648385199294,10.416514943559001,173.66,,,,,,,1.16915492563234,23.34
177,2011,NHS Surrey Heath CCG,Outer,23497.239588936216,No Pollution Readings,51.3281,-0.70434,31.62,,,,5.839407984248309,1.4397952716357902,730.446,2.94655776520814,4.2732702386830015,27.9575513218769,,1.1791644082607902,4.99277440438508,101.971,0.466378867058106,13.0980711048396,198.475050190084,,,,,,,1.60123411023283,24.5376385401661
178,2011,NHS Sutton CCG,Outer,23268.289513397358,South West London,51.3576,-0.17227,31.32,2.8,,,5.61121809650384,1.12660976475329,594.059,2.62675111728651,3.59145507764745,40.45,,1.29268491144322,5.32048087587641,100.73299999999999,0.552778629902978,12.0763183379348,203.07,,,,,,,1.32450331125828,29.82
179,2011,NHS Wandsworth CCG,Outer,17762.401872896982,South West London,51.4524,-0.20027999999999999,45.53,0.0,,,4.2418325622196695,0.7077105519613941,559.395,1.5313670466953897,1.71287139996712,46.02,,0.89618970810872,4.16010188016857,194.61700000000002,0.32494217379563,8.68948795923399,211.43,,,,,,,0.808686259084878,32.24
180,2012,NHS Berkshire West CCG,Outer,49791.74229301535,Reading,51.4458,-1.16963,34.51,2.8198738200949403,,,6.2338617206578695,1.24685987378224,437.455,2.30027921958563,3.77014852461377,33.7364461856044,,,4.36389640202195,96.625,0.47725542027361795,11.881712430085699,206.76754405082198,,,,,,,1.21885038556811,26.6547615696001
181,2012,NHS Brent CCG,Outer,16247.542448550688,No Pollution Readings,51.5644,-0.27568000000000004,53.94,4.13438260958111,,,4.73567612180183,0.677062971489799,755.6419999999997,2.20117863400084,2.245439893,27.4655054097189,,0.7650985332232891,8.0983178179,199.58599999999998,0.521842375801804,12.383475956735197,190.470655238659,,,,,,,1.05555796881109,27.602757471114398
182,2012,NHS Buckinghamshire CCG,Outer,38818.06152693847,No Pollution Readings,51.7414,-0.8064399999999999,27.19,2.37828276679038,,,6.12138577754624,1.62070200573066,440.501,2.98193702787184,3.32203752020757,30.7104853732119,,,5.365409713084411,96.766,0.57123437092993,13.0225970304767,168.290134602018,,,,,,,1.5669770773639,19.1998512435699
183,2012,NHS Croydon CCG,Outer,28645.84070326317,No Pollution Readings,51.36600000000001,-0.07761,42.33,2.92,,,4.87798542163479,0.9216685629971372,770.632,2.2976771250591,3.3895960148000004,42.08,,1.0349288486416601,6.3853540523,141.043,0.440831891602633,12.216005029172301,222.38,,,,,,,1.18507665850985,35.29
184,2012,NHS Ealing CCG,Inner,11465.530928651922,Ealing,51.5244,-0.31405,48.14000000000001,3.5075127590388,,,4.86522154002389,0.849218360974222,922.205,2.47504715835641,2.3705483094999997,35.713311457884004,,0.8129143986910949,6.8109479774,207.449,0.46606438066176203,11.465919655406699,221.71304989136502,,,,,,,0.9497901483801808,31.0105174247062
185,2012,NHS East Berkshire CCG,Outer,15803.713433617613,East Berkshire,51.4541,-0.6802600000000001,40.42,3.7676434511564203,,,5.36291532585651,1.11810758522429,574.79,2.55874151294619,3.12748007936133,38.9776467277302,,,5.910287467736159,136.792,0.504770803802981,10.9105147979087,215.045992119036,,,,,,,1.28790965358914,27.613544934791197
186,2012,NHS Guildford and Waverley CCG,Outer,33590.833861625535,No Pollution Readings,51.1811,-0.59422,25.62,1.83,,,5.88834320047029,1.6899882890430802,435.162,2.65139767724973,3.9276869504,23.48,,1.16600397154191,4.322350280799999,67.059,0.523984317501169,12.531186787448402,197.9,,,,,,,1.45854645269097,21.0
187,2012,NHS Hammersmith And Fulham CCG,Outer,16573.145489786915,Hammersmith and Fulham,51.4873,-0.21735,48.01,0.0,,,4.3625413854421495,0.818375627535933,512.066,1.70797842553568,1.9087235182,61.37004964766211,,1.0792144379930602,4.3128427214,214.46,0.40525803884582506,9.146059909418687,182.250247854232,,,,,,,0.921040997376875,32.7692376957612
188,2012,NHS Harrow CCG,Outer,16107.86486926796,No Pollution Readings,51.5946,-0.33603,39.66,3.8318489340434105,,,5.523332938770679,1.1571570264125701,790.779,2.90574986632489,2.9292674136000003,23.1812658556786,,0.847765482842647,8.0750093892,142.007,0.564496708122957,13.305469046559805,178.466711045266,,,,,,,1.26328077486663,25.522630315540198
189,2012,NHS Herts Valleys CCG,Outer,29114.522131028312,Watford,51.7317,-0.45521000000000006,30.81,1.30282019403472,,,5.615777614024839,1.4634370502150802,482.031,2.6301493962932403,3.6629498856000002,36.233819070342896,,1.25845411024439,4.8119940387,103.525,0.548645290890322,12.3907181624075,180.84776556734505,,,,,,,1.5389311674180501,27.2414460771751
190,2012,NHS Hillingdon CCG,Inner,7458.185529065558,Hillingdon,51.5366,-0.4418,43.62,1.91020280755099,,,5.20637523844601,1.12855757971654,675.6489999999999,2.4086087261684304,3.1985187323,40.586149520308105,,1.1817193129975199,6.4330823382,154.38299999999995,0.483320071855205,12.6667384755439,207.770265486781,,,,,,,1.1327271274248505,30.478241250547
191,2012,NHS Hounslow CCG,Inner,5336.9847118736625,Hounslow,51.4624,-0.37847,44.07,2.7384652703797503,,,4.4977102816629415,0.8293332229854621,815.044,2.2690281111203103,3.1844115745,47.038594926397295,,0.95381941570802,6.2385390125999995,146.717,0.4593230158073329,11.0658225054484,240.47057415899897,,,,,,,0.970371596457833,33.735048179001396
192,2012,NHS Kingston CCG,Inner,14640.309417301552,South West London,51.3929,-0.28371999999999997,36.5,4.1,,,4.79137172127983,1.09191999794075,640.034,2.27959535637983,2.5937128662999998,29.42,,1.08883111534402,4.8232720679000005,130.156,0.473113851064377,10.6736338129682,180.62,,,,,,,1.01315349172437,26.64
193,2012,NHS Merton CCG,Outer,19616.70838254888,South West London,51.4106,-0.18867,39.87,2.52,,,4.78138501306226,0.949941001730922,548.374,2.12623333930203,2.7988159683,42.62,,1.07666101936153,5.426005577000001,142.914,0.459589629160296,10.5696432096895,209.91,,,,,,,1.01972883752749,29.04
194,2012,NHS North West Surrey CCG,Inner,12083.807829583408,Surrey Heartlands,51.3683,-0.5151899999999999,28.99,1.18,,,5.04130546794933,1.50811670847229,513.507,2.63347130133457,4.2059073846,33.11,,1.27087214273177,5.3358405426,118.34700000000001,0.5135580456483461,12.699945077033696,198.06,,,,,,,1.50981535691435,22.72
195,2012,NHS Oxfordshire CCG,Outer,66982.40788744198,Oxford,51.7715,-1.29146,29.19,2.21092422486768,,,5.97045485678031,1.4482743704173702,393.42699999999996,2.6111908177905296,3.9242073236,36.3941840275478,,1.21280722118483,4.6895488822,94.97200000000001,0.5767719515799951,11.993251768166498,180.767110388403,,,,,,,1.62692948241927,24.675701642902002
196,2012,NHS Richmond CCG,Inner,11948.414951951743,South West London,51.4403,-0.28911,30.72,0.0,,,4.47933034876022,1.29759751746766,501.855,1.94491387233538,2.6293835533000003,28.78,,0.9764100131439808,3.5264796361,92.74700000000001,0.40716692855801595,10.341249369978401,158.54,,,,,,,1.11377943807011,22.38
197,2012,NHS Surrey Heath CCG,Outer,23497.239588936216,No Pollution Readings,51.3281,-0.70434,31.320000000000004,,,,5.8757259890404425,1.4372122020847198,719.2660000000003,2.90176862414823,4.3186882918,32.2082687954572,,1.23158366784429,5.1944874403,103.338,0.45828912684436796,13.1722576481783,191.84882436493697,,,,,,,1.5444015444015402,23.6204107697818
198,2012,NHS Sutton CCG,Outer,23268.289513397358,South West London,51.3576,-0.17227,36.24,2.44,,,5.58952339140584,1.18697062823245,587.589,2.61058582916618,3.5855071970999997,42.93,,1.33313345254794,5.6592457236,116.48700000000001,0.5353949608626279,12.2626861835976,211.61,,,,,,,1.2651382925183898,31.11
199,2012,NHS Wandsworth CCG,Outer,17762.401872896982,South West London,51.4524,-0.20027999999999999,48.89,0.0,,,4.22360931613826,0.7201583853493551,557.928,1.49696153105838,1.6400842386,52.62,,0.907691038578931,4.2448122969,213.933,0.313745978496989,8.60340418511288,201.29,,,,,,,0.7889020265625429,29.24
200,2013,NHS Berkshire West CCG,Outer,49791.74229301535,Reading,51.4458,-1.16963,32.47,2.68942973841377,75.59,105.11,6.07635688656638,1.2851894561308002,372.994,2.26858659167585,,36.3224057374948,161.28,,4.50160153592505,120.579,0.47605166478760896,11.911365653118901,203.36984622891998,318.17,964.02,,396.09,,,1.2532526267506299,26.4223555361556
201,2013,NHS Brent CCG,Outer,16247.542448550688,No Pollution Readings,51.5644,-0.27568000000000004,51.97,3.3728845430242504,148.54,251.04,4.67243955771812,0.6939851803489061,745.841,2.2201334500294103,,31.0255833285577,169.26,0.760119210106405,8.19335203401367,256.844,0.5304793450761099,12.1630330473154,188.115694639787,438.47,1217.56,,299.09,373.0,,1.05786305471676,25.7418471541928
202,2013,NHS Buckinghamshire CCG,Outer,38818.06152693847,No Pollution Readings,51.7414,-0.8064399999999999,26.13,2.73957428889042,52.5,110.45,6.072199689246732,1.69037673789777,459.82599999999996,2.943681013782109,,33.691169177844,120.01,,5.65132907742049,84.179,0.554714772887786,13.107734527917302,165.99979518383302,287.73,930.59,,577.17,,,1.5791916379119,19.82263888246469
203,2013,NHS Croydon CCG,Outer,28645.84070326317,No Pollution Readings,51.36600000000001,-0.07761,39.94,2.45,118.12,364.3,4.7828950055131285,0.9479519745170908,723.424,2.28412014538326,,40.43,251.06,1.05489647568097,6.4837038755827106,155.373,0.4346694164250421,12.1084657165026,219.87,311.45,1203.34,,282.61,381.0,,1.18634377424756,32.73
204,2013,NHS Ealing CCG,Inner,11465.530928651922,Ealing,51.5244,-0.31405,47.580000000000005,4.14045401774447,139.52,239.01,4.7767993827538495,0.8621851003637341,852.288,2.39942194408044,,38.3438123192037,184.12,0.805604203152364,6.91938939093805,190.35,0.453871872435795,11.172155340281401,213.746271456144,394.82,1185.42,,258.07,340.0,,0.901130393249483,30.7948446048833
205,2013,NHS East Berkshire CCG,Outer,15803.713433617613,East Berkshire,51.4541,-0.6802600000000001,39.76,3.39109876906816,77.6,119.21,5.3428090230477405,1.16980560901248,553.822,2.5438286687665,,39.4857249648474,196.22,,6.09896824231285,134.06,0.521355138951956,11.120721344087201,209.67467019038898,381.05,1146.73,,472.01,,,1.30314759155549,26.1693349930075
206,2013,NHS Guildford and Waverley CCG,Outer,33590.833861625535,No Pollution Readings,51.1811,-0.59422,26.14,0.0,46.4,126.32,5.72103566069661,1.7413037430277198,434.74800000000016,2.54992907995494,,29.28,109.57,1.18306493174801,4.2720827134824,89.79,0.503965593516403,12.376117959874305,193.77,291.44,880.02,,456.62,226.0,,1.40836719708475,18.26
207,2013,NHS Hammersmith And Fulham CCG,Outer,16573.145489786915,Hammersmith and Fulham,51.4873,-0.21735,47.06,0.0,150.38,132.55,4.4118010610473,0.842014704355436,455.38699999999994,1.73742787498826,,68.1351907700628,472.09,1.11988450109516,4.41130118240843,230.942,0.40741052048671705,9.1430040592723,183.01064006023202,431.0,1494.03,,246.35,138.0,,0.9502949276401341,33.930717601286304
208,2013,NHS Harrow CCG,Outer,16107.86486926796,No Pollution Readings,51.5946,-0.33603,38.21,3.40473581473766,101.52,244.33,5.373694101159379,1.1733182571028202,677.9639999999997,2.8228118231621897,,23.8522049660414,136.66,0.831714231112244,8.34775943118394,161.77700000000004,0.556201426933367,13.025146515479696,177.309253895177,323.55,1013.4,,317.07,288.0,,1.25732577398395,22.33672858612589
209,2013,NHS Herts Valleys CCG,Outer,29114.522131028312,Watford,51.7317,-0.45521000000000006,29.36,1.86158621867056,83.44,130.37,5.56956932924762,1.48558618038241,483.10900000000004,2.59304379705316,,38.5953909108271,161.7,1.2547509396438001,4.9530973962893485,123.25299999999999,0.5606230442674829,12.3384112760501,177.882799413503,333.66,1016.02,,316.66,692.0,,1.5303581596121099,26.5455244297772
210,2013,NHS Hillingdon CCG,Inner,7458.185529065558,Hillingdon,51.5366,-0.4418,46.77,2.6038644555033197,109.5,145.23,4.97100472929284,1.12731175078624,752.403,2.29930973313518,,42.255257997372,237.09,1.1696282579478898,6.36347348139505,150.359,0.4688668993510341,12.165826542944501,217.79651944334702,362.91,1156.15,,236.62,324.0,,1.09887505797361,27.9446180006812
211,2013,NHS Hounslow CCG,Inner,5336.9847118736625,Hounslow,51.4624,-0.37847,45.78,4.21711506763129,102.71,142.63,4.37855040722743,0.852782150434604,778.429,2.25925672438574,,47.9052424896102,242.51,0.9739237560741908,6.44075130797635,152.858,0.466771610430498,11.0262815686811,223.672065132827,410.88,1164.0,,208.88,239.0,,0.9667373896379441,36.0552361252494
212,2013,NHS Kingston CCG,Inner,14640.309417301552,South West London,51.3929,-0.28371999999999997,33.73,2.92,48.36,116.43,4.68665901636015,1.09778513470971,564.7959999999998,2.20877212580354,,31.12,136.47,1.11149475480091,4.88789735785982,147.888,0.453432990423576,10.5330503396939,189.94,402.67,940.69,,353.33,169.0,,1.0343146713245501,24.71
213,2013,NHS Merton CCG,Outer,19616.70838254888,South West London,51.4106,-0.18867,36.81,2.55,62.78,252.73,4.7133957246316776,0.9781998546043492,534.086,2.0958138935667,,46.94,223.7,1.10611121847077,5.613008160803782,160.398,0.468854963236986,10.6474707598303,205.91,442.52,1212.95,,356.95,199.0,,1.0416954237179001,30.72
214,2013,NHS North West Surrey CCG,Inner,12083.807829583408,Surrey Heartlands,51.3683,-0.5151899999999999,29.73,1.37,65.1,166.38,4.89432391657873,1.53804814832438,533.53,2.58627204559004,,32.55,134.95,1.26822496088403,5.41499689620141,113.84700000000001,0.505498627092599,12.6525802542048,196.93,396.79,997.16,,311.47,410.0,,1.51621598170576,24.72
215,2013,NHS Oxfordshire CCG,Outer,66982.40788744198,Oxford,51.7715,-1.29146,28.429999999999996,1.89540272806979,66.16,139.17,5.81307874913817,1.4976996349963798,384.21,2.55074292582447,,36.842362262767,156.33,1.25331707922877,4.7701655559035,91.094,0.571415520290747,12.0171410381405,176.795288591551,289.84,987.43,,415.4,708.0,,1.6341655948759601,23.839480873389203
216,2013,NHS Richmond CCG,Inner,11948.414951951743,South West London,51.4403,-0.28911,30.76,0.0,35.68,76.72,4.42318029278025,1.27407350014286,446.004,1.8852026362813101,,28.06,118.93,0.9539812980925221,3.51861150835996,87.411,0.3830452826351189,10.1189813223052,160.48,334.03,816.28,,277.12,180.0,,1.0948993477092301,22.18
217,2013,NHS Surrey Heath CCG,Outer,23497.239588936216,No Pollution Readings,51.3281,-0.70434,24.11,,82.18,173.13,5.7879581998770595,1.46451411131601,694.8580000000003,2.84491032816763,,32.4351653672322,148.35,1.17333678432388,5.27773439275592,132.861,0.4507856395656071,13.191411347288305,199.058439053334,384.83,1021.37,,320.98,89.0,,1.53137705306976,27.0357354886023
218,2013,NHS Sutton CCG,Outer,23268.289513397358,South West London,51.3576,-0.17227,39.6,2.09,77.91,186.0,5.53321100134423,1.2044722299272401,560.5269999999998,2.5700386199244702,,41.28,204.88,1.34369599078243,5.81963615223791,144.82399999999996,0.51422109373333,12.2399556190923,211.35,453.71,1120.12,,317.84,253.0,,1.2684831544583601,32.7
219,2013,NHS Wandsworth CCG,Outer,17762.401872896982,South West London,51.4524,-0.20027999999999999,45.57,0.0,84.18,202.21,4.11841996109043,0.7206565922817759,539.616,1.44746806819611,,54.61,284.36,0.8937961449020171,4.19574774188262,196.639,0.29811045072480397,8.34174054757056,192.54,426.33,1285.15,,294.07,280.0,,0.795585610417274,29.42
220,2014,NHS Berkshire West CCG,Outer,49791.74229301535,Reading,51.4458,-1.16963,32.3,2.62107633713554,81.26,140.65,6.10852686917619,1.32540910890586,355.15,2.2362573495628904,3.6060708517552,38.221560157807204,164.84,,4.61326539366175,110.89,0.4992515461341879,11.907297583986699,195.084085064879,402.14,1079.14,,388.83,,,1.2820051364896101,27.5123399874364
221,2014,NHS Brent CCG,Outer,16247.542448550688,No Pollution Readings,51.5644,-0.27568000000000004,47.26,2.94025295126249,147.4,227.68,4.53817096539724,0.710612101055043,543.434,2.1447765467721,2.38884450177186,33.1947264874246,194.49,0.7651263188035509,8.3460606041163,231.52,0.530549987885729,12.134919935684199,174.16732382543998,488.3,1301.97,,248.82,336.0,58.2,1.06522984075241,25.9941781203127
222,2014,NHS Buckinghamshire CCG,Outer,38818.06152693847,No Pollution Readings,51.7414,-0.8064399999999999,27.399999999999995,2.76546304068169,97.28,158.97,6.194131136799741,1.77005818941982,456.806,2.93306656682423,3.33552247922077,36.5991687586382,174.49,,5.85792526903561,88.556,0.56024867006755,13.282749099078,161.95909068558996,361.79,1207.74,,706.72,,,1.60059905461693,21.6444232535634
223,2014,NHS Croydon CCG,Outer,28645.84070326317,No Pollution Readings,51.36600000000001,-0.07761,36.78,2.91,127.55,350.88,4.81321184510251,0.990382181726145,648.259,2.27486712224753,3.3231211527831204,42.01,241.94,1.09364717792964,6.60131362403921,170.44,0.4211592002024799,12.2280435332827,215.23,384.2,1275.61,,244.01,397.0,59.2,1.19362186788155,32.48
224,2014,NHS Ealing CCG,Inner,11465.530928651922,Ealing,51.5244,-0.31405,43.97,4.65262890851473,142.95,190.34,4.97716239806777,0.9307219551856899,873.883,2.42700337183442,2.12373604441252,39.3667833399911,223.79,0.8403280962288059,7.3721198847093,179.22799999999995,0.433316593729823,11.433627472080701,201.11930543156,473.91,1378.73,,262.74,330.0,61.8,0.9130258029031261,32.08054945619001
225,2014,NHS East Berkshire CCG,Outer,15803.713433617613,East Berkshire,51.4541,-0.6802600000000001,36.14,4.04740157488704,102.05,173.85,5.3474054114051786,1.2218997305397,552.258,2.5125224648650697,3.0114677757855803,44.864612078719304,226.74,,6.25189609386324,172.30599999999995,0.546477768934841,11.1472963047806,204.79653443389,451.02,1384.74,,520.78,,,1.31541969445422,29.0599735213409
226,2014,NHS Guildford and Waverley CCG,Outer,33590.833861625535,No Pollution Readings,51.1811,-0.59422,25.16,0.0,73.86,135.36,5.78950688486771,1.8514346478263999,454.69199999999995,2.4962151250811,3.5005454591481002,30.54,123.76,1.2206221613438102,4.41366275780693,102.53,0.532135390382813,12.3936630379929,177.38,403.17,999.52,,333.14,268.0,56.5,1.4134705500684899,19.13
227,2014,NHS Hammersmith And Fulham CCG,Outer,16573.145489786915,Hammersmith and Fulham,51.4873,-0.21735,39.12,0.0,149.97,118.94,4.50783802707328,0.894176909911312,467.7,1.70861210518127,1.9917355400421293,66.4554307890351,366.42,1.17132799128676,4.39395245690179,216.67,0.406488252683989,9.21746149058659,184.661894268835,523.54,1480.78,,232.46,144.0,43.5,0.9831569939318501,38.38263412456711
228,2014,NHS Harrow CCG,Outer,16107.86486926796,No Pollution Readings,51.5946,-0.33603,35.2,2.68301970607282,106.3,230.4,5.2140535471617095,1.20715551564375,524.003,2.7385503007955,2.64710785409019,23.9212962986951,147.93,0.8360287047118009,8.71261866629907,138.349,0.532451741594017,12.947716417791801,170.50700482813,391.1,1069.13,,192.78,268.0,64.9,1.2552351132056,20.617343243013
229,2014,NHS Herts Valleys CCG,Outer,29114.522131028312,Watford,51.7317,-0.45521000000000006,28.69,1.9392608197852002,94.97,135.67,5.5993094745472805,1.52789966242401,448.288,2.5451115538103797,3.48813093658122,38.41144728160271,164.63,1.2711945834107299,5.0750648000434015,148.634,0.569619442327032,12.3742097070712,171.500934766941,417.15,1221.31,,358.4,646.0,51.9,1.51925208022394,27.1632930270259
230,2014,NHS Hillingdon CCG,Inner,7458.185529065558,Hillingdon,51.5366,-0.4418,41.78,3.14467064280233,132.98,199.33,5.04717657613789,1.17999806557694,633.49,2.29395893019734,2.82577547199712,40.7905247802986,250.87,1.21801948430949,6.69973094968375,182.484,0.4752677341569079,12.347288972788,215.44927795303286,468.33,1394.05,,293.54,308.0,55.6,1.1126267797525902,27.7632502953777
231,2014,NHS Hounslow CCG,Inner,5336.9847118736625,Hounslow,51.4624,-0.37847,40.43,4.0678201953665605,98.75,148.3,4.501009777848871,0.894803143308472,818.89,2.2441729486179702,2.78956680697738,49.708740151932794,278.91,1.0074450287603398,6.76764470857796,194.50599999999997,0.484560063452707,11.0638992754927,208.915265126599,418.95,1315.21,,325.29,214.0,55.6,0.986782907760293,34.3627665752023
232,2014,NHS Kingston CCG,Inner,14640.309417301552,South West London,51.3929,-0.28371999999999997,31.84,2.45,53.85,214.74,4.650917527947692,1.10937013489218,592.752,2.13487208846838,2.35268766561802,33.27,125.66,1.11137895360633,4.89251928478892,150.808,0.4334026375789721,10.3112664597583,181.16,460.33,1046.46,,311.67,156.0,70.0,1.00390715239903,27.47
233,2014,NHS Merton CCG,Outer,19616.70838254888,South West London,51.4106,-0.18867,36.98,2.85,108.15,241.14,4.85109743052973,1.0673607954936701,608.053,2.18154774201545,2.9521584157832903,54.75,211.04,1.14907701983684,6.04595512483328,165.899,0.49810170456371294,11.180891257741196,184.81,463.69,1274.27,,283.03,190.0,55.0,1.1086779875773,26.3
234,2014,NHS North West Surrey CCG,Inner,12083.807829583408,Surrey Heartlands,51.3683,-0.5151899999999999,30.59,1.66,69.17,200.92,4.85013382638276,1.6001040718095498,495.695,2.5536343481257404,3.60935580047786,33.23,159.19,1.2723885864225,5.56439654473173,124.24700000000001,0.4984928962686379,12.7817342902773,192.82,461.08,1116.06,,352.58,410.0,66.7,1.5173448402802199,27.55
235,2014,NHS Oxfordshire CCG,Outer,66982.40788744198,Oxford,51.7715,-1.29146,26.88,1.76612710013529,59.04,156.94,5.8784235136940595,1.5423126955665702,349.11199999999997,2.51084625391133,3.4465443153284196,37.4711621104922,162.21,1.2883310480610302,4.86526986642475,95.749,0.5720915515241011,12.125584502337999,171.056026613631,342.44,1062.65,,398.02,700.0,58.4,1.6373800232043,25.159689625876798
236,2014,NHS Richmond CCG,Inner,11948.414951951743,South West London,51.4403,-0.28911,27.62,0.0,45.63,107.23,4.3845189897821495,1.31337960285329,456.501,1.8609022556391002,2.3936456855991,27.79,134.7,0.9359938307306728,3.57362334164471,114.961,0.4063042220936961,10.0641025641026,161.73,375.04,969.1,,381.2,182.0,63.4,1.07962213225371,21.58
237,2014,NHS Surrey Heath CCG,Outer,23497.239588936216,No Pollution Readings,51.3281,-0.70434,25.58,,98.52,122.85,5.79541822056473,1.58018114011721,707.814,2.8098028769312697,3.63254969938621,31.5357584553784,182.73,1.1720831113478998,5.39960726870962,102.109,0.491209376664891,13.377730420884399,196.407208807673,473.32,1205.69,,277.32,101.0,71.4,1.5450186467767701,25.951868484033604
238,2014,NHS Sutton CCG,Outer,23268.289513397358,South West London,51.3576,-0.17227,35.51,2.53,94.67,170.61,5.58242644095123,1.27017968136787,552.856,2.5276310486009503,3.5059413960252703,42.25,222.76,1.43405672585333,6.06606674494856,137.69799999999998,0.497464944101487,12.262669976028302,202.32,487.5,1216.42,,448.73,241.0,51.5,1.29192388468147,32.94
239,2014,NHS Wandsworth CCG,Outer,17762.401872896982,South West London,51.4524,-0.20027999999999999,41.0,0.0,103.58,167.5,4.230562460411671,0.7526441015377571,559.692,1.44247914792597,1.5560003999276701,52.83,300.27,0.903013237806793,4.34794921970247,185.71599999999998,0.314843695940299,8.39804972560959,192.9,449.37,1347.71,,319.94,229.0,57.9,0.8093319352108629,28.91
240,2015,NHS Berkshire West CCG,Outer,49791.74229301535,Reading,51.4458,-1.16963,29.2,2.87399389904046,82.06,164.77,5.969377477722559,1.4293694617903798,375.80400000000003,2.19960501805661,3.56350211082213,41.721695285598,172.36,,4.76913880905956,128.411,0.533495590198965,11.9358476225285,196.305127591176,422.41,1156.19,70.57,539.44,,,1.27278881756694,27.1007155316082
241,2015,NHS Brent CCG,Outer,16247.542448550688,No Pollution Readings,51.5644,-0.27568000000000004,46.21,3.6757772008387204,139.7,229.28,4.4381118521207314,0.743838815058808,490.26300000000003,2.11368327527454,2.28343228091696,35.474021220796104,174.46,0.7641548788349959,8.55304547726817,226.592,0.543116104950077,12.116771316968501,164.68824471735599,487.95,1283.81,94.38,316.6,357.0,50.6,1.0621238142190799,26.434672116520602
242,2015,NHS Buckinghamshire CCG,Outer,38818.06152693847,No Pollution Readings,51.7414,-0.8064399999999999,27.64,2.47232469446976,63.76,124.13,6.01530388570138,1.8589033044830001,415.695,2.874886809827109,3.2790798984994,39.99007244669271,150.53,,5.9282821039575175,110.78200000000001,0.597299516991448,13.265218215337999,163.690380264101,339.25,1160.93,98.25,837.34,,,1.6037109146914599,22.2120630645971
243,2015,NHS Croydon CCG,Outer,28645.84070326317,No Pollution Readings,51.36600000000001,-0.07761,33.13,2.19,133.82,283.73,4.7296876673033,1.033887711627,655.9939999999998,2.2490543861789702,3.1624191069145,37.83,231.51,1.12651926960515,6.7267994546095995,166.75400000000005,0.473367182033462,12.2014686584112,207.93,438.3,1409.46,118.79,462.31,401.0,58.9,1.1957439285242901,32.11
244,2015,NHS Ealing CCG,Inner,11465.530928651922,Ealing,51.5244,-0.31405,44.87,5.06055216471963,140.65,206.32,4.9445417122365,0.9875940537825699,831.934,2.44856672127223,2.0576181075193998,41.6246425108106,228.08,0.8857366822660209,7.79446855627069,210.533,0.4614091990818761,11.5584647230841,196.193501630313,466.29,1398.42,63.54,317.78,382.0,57.9,0.9671756405983772,28.7533355755385
245,2015,NHS East Berkshire CCG,Outer,15803.713433617613,East Berkshire,51.4541,-0.6802600000000001,36.01,3.36713377539993,77.06,142.27,5.269201829021241,1.29142790993807,485.44699999999995,2.47172541529201,2.98139010675232,48.29676905722611,201.65,,6.3950877923313705,199.63299999999998,0.589685709324536,11.179950222839599,198.474784499994,449.89,1355.71,59.63,559.7,,,1.31226486079759,29.541480001123
246,2015,NHS Guildford and Waverley CCG,Outer,33590.833861625535,No Pollution Readings,51.1811,-0.59422,21.62,0.0,53.89,123.44,5.654925083365541,1.98099894838078,441.246,2.46231697780814,3.32934023461339,29.45,97.94,1.21835030604816,4.502973661852169,109.337,0.5491789280674471,12.4810124306785,174.12,378.89,1019.34,109.65,532.72,261.0,43.5,1.42148359204365,19.21
247,2015,NHS Hammersmith And Fulham CCG,Outer,16573.145489786915,Hammersmith and Fulham,51.4873,-0.21735,34.78,0.0,125.87,117.51,4.35753017650453,0.9361750833400899,470.295,1.67967837163719,1.9427254887204999,62.5643447898539,444.74,1.18750685558677,4.4898614183698,232.9,0.41395821311217396,9.23727722323698,197.804054466183,485.17,1546.66,85.69,374.06,162.0,37.0,1.00055798514901,42.09450471059
248,2015,NHS Harrow CCG,Outer,16107.86486926796,No Pollution Readings,51.5946,-0.33603,32.95,2.92663369953101,107.76,192.19,5.13504386335203,1.22955537988042,507.26199999999994,2.72850772501554,2.5304145813175603,26.7672177792015,126.43,0.8550091717770221,9.05598482685878,173.92700000000005,0.5671919012057621,12.869653314503699,160.45319224995,394.77,1054.1,58.98,337.38,291.0,63.3,1.27522238681106,20.150049897788
249,2015,NHS Herts Valleys CCG,Outer,29114.522131028312,Watford,51.7317,-0.45521000000000006,28.679999999999996,2.59159306879879,95.78,129.1,5.44047258215251,1.63705135005431,481.49800000000016,2.5291417241292202,3.41601516421116,38.072679585312294,152.78,1.3056944760172802,5.27275203923014,154.553,0.590885554797808,12.4471155060494,175.612416022743,411.46,1171.53,81.35,407.59,791.0,48.3,1.5278093506099901,27.656715035629894
250,2015,NHS Hillingdon CCG,Inner,7458.185529065558,Hillingdon,51.5366,-0.4418,40.96,3.28869607329076,93.14,168.12,4.9150575215274195,1.26156102147975,640.515,2.28014742871046,2.69498968038934,45.0694787279615,251.13,1.25893071442428,6.997598145467019,168.965,0.48693559364386296,12.393678056992199,211.404964005589,534.73,1458.42,109.92,398.24,295.0,69.5,1.14681387618487,28.0998277042167
251,2015,NHS Hounslow CCG,Inner,5336.9847118736625,Hounslow,51.4624,-0.37847,47.21,4.976012269633361,137.71,137.69,4.42324228878255,0.9570508654811841,814.319,2.33158070932042,2.66922320054495,52.3380437529277,266.74,1.04304103240713,7.272855589043598,212.773,0.514956381323723,11.4764052171744,208.46903441474498,453.83,1433.49,58.42,613.82,251.0,41.7,1.02400504125559,30.7986517471625
252,2015,NHS Kingston CCG,Inner,14640.309417301552,South West London,51.3929,-0.28371999999999997,28.68,0.0,53.96,145.72,4.6892987544281794,1.13687455841737,557.634,2.10230388790348,2.2234724175652403,38.78,148.73,1.13341600913057,4.94628565786957,117.15299999999999,0.449117328814162,10.236317731982199,180.35,464.42,1136.3,59.55,647.99,188.0,52.6,1.01335494103173,24.66
253,2015,NHS Merton CCG,Outer,19616.70838254888,South West London,51.4106,-0.18867,34.07,2.69,102.64,186.39,4.57700895374275,1.05595525383973,477.74699999999996,2.0162836329191003,2.9152709869059903,56.16,223.1,1.0803130426937901,5.9997389196950985,178.649,0.475879022982025,10.6696136584046,174.25,423.89,1281.81,102.74,408.08,178.0,51.3,1.03655923678928,27.01
254,2015,NHS North West Surrey CCG,Inner,12083.807829583408,Surrey Heartlands,51.3683,-0.5151899999999999,30.57,1.75,57.6,166.68,4.80923128099838,1.6850577909383202,523.515,2.5264960341156,3.59242823464152,32.54,161.26,1.33386775295635,5.6845424357146,128.208,0.5308750030674599,12.626481582972698,189.36,434.77,1092.28,55.01,360.06,464.0,42.3,1.50155554283128,29.25
255,2015,NHS Oxfordshire CCG,Outer,66982.40788744198,Oxford,51.7715,-1.29146,25.92,2.14833023677198,57.11,171.02,5.738821257332949,1.64729817980877,353.839,2.47813370395798,3.46216680397112,36.409902774594606,155.99,1.33360683646187,4.92358442862892,124.45200000000001,0.6312898742443779,12.2107983500505,167.02047930330602,366.42,1122.02,104.06,554.12,668.0,51.4,1.6693458809870705,25.3945767056892
256,2015,NHS Richmond CCG,Inner,11948.414951951743,South West London,51.4403,-0.28911,27.58,0.0,61.4,136.72,4.33729353262078,1.3295292709353501,432.871,1.8480930008090701,2.31785670990423,29.22,133.25,0.968048714709514,3.6244196620877798,102.69,0.45658211617530897,9.94875871172872,162.71,397.07,1084.08,72.25,625.76,190.0,48.9,1.05699942749807,22.66
257,2015,NHS Surrey Heath CCG,Outer,23497.239588936216,No Pollution Readings,51.3281,-0.70434,22.459999999999997,,74.1,97.2,5.710867648910719,1.72522352348571,645.939,2.76203668723503,3.47897511989613,32.0953672512952,133.84,1.17008773034462,5.42611374345721,105.53399999999999,0.505813709440457,13.437644293329999,191.79607547613602,444.13,1205.85,,500.56,105.0,50.0,1.5510221214792401,23.700621709914998
258,2015,NHS Sutton CCG,Outer,23268.289513397358,South West London,51.3576,-0.17227,28.99,2.54,95.44,111.22,5.42667814836596,1.39513147945896,578.826,2.4998949844577,3.6062636176668197,41.09,213.83,1.46391665966563,6.306487112074442,133.74,0.542930353692346,12.233785600268801,181.44,473.66,1200.2,140.56,487.7,224.0,57.6,1.28171469377468,30.56
259,2015,NHS Wandsworth CCG,Outer,17762.401872896982,South West London,51.4524,-0.20027999999999999,39.22,0.0,95.21,123.43,4.12604218134408,0.7716604280219049,494.214,1.4000087953250302,1.50146349181236,50.11,271.66,0.866598201097346,4.33464011290576,198.227,0.318442503149502,8.28804172088295,183.42,412.84,1300.96,106.57,406.33,268.0,53.6,0.8027027516433031,29.86
260,2016,NHS Berkshire West CCG,Outer,49791.74229301535,Reading,51.4458,-1.16963,29.72,3.3596502603045497,83.9,137.72,5.9390757753678205,1.5439268198817802,358.093,2.16165543374219,3.56362101285034,40.6957900862857,200.8,,4.9108823587691,132.905,0.5829937141673001,12.094455244279098,187.455397737413,462.66,1234.87,87.23,462.39,,,1.29032258064516,26.225034078047106
261,2016,NHS Brent CCG,Outer,16247.542448550688,No Pollution Readings,51.5644,-0.27568000000000004,40.91,3.7365472697802002,173.93,217.6,4.456976778799191,0.8218481164063829,634.513,2.1348566975074,2.45464872121442,32.811265404302205,180.31,0.787480414469073,8.84495953031409,243.12599999999998,0.57613257814593,12.3233919568753,147.35025530361202,543.51,1362.09,97.28,343.41,340.0,60.0,1.0892126007690799,27.005433062494397
262,2016,NHS Buckinghamshire CCG,Outer,38818.06152693847,No Pollution Readings,51.7414,-0.8064399999999999,26.3,2.38956839274735,70.02,141.77,6.0391335406962,2.01044007560311,440.712,2.8840429806676298,3.30400422377402,39.5630863490712,148.56,,5.94363321603974,112.15799999999999,0.6284136740434271,13.368580060423,155.49604607014402,420.51,1251.9,70.94,1015.23,,,1.61847216227881,19.8281564440607
263,2016,NHS Croydon CCG,Outer,28645.84070326317,No Pollution Readings,51.36600000000001,-0.07761,33.7,2.7,136.63,328.55,4.73186663352276,1.14001904954111,580.706,2.25887194229023,3.11165597287013,42.15,223.09,1.1894887880898501,6.93309767570125,160.704,0.505280463883399,12.3662040466738,206.03,491.54,1509.06,146.07,530.66,441.0,51.3,1.20868600006399,33.63
264,2016,NHS Ealing CCG,Inner,11465.530928651922,Ealing,51.5244,-0.31405,42.53,5.498196573060559,147.82,148.71,5.076188172693192,1.0758439770412198,769.455,2.43844014251561,1.95537691545006,40.94418062669,208.72,0.8888620147539,8.08464015046096,229.199,0.505595504990837,12.300575830023199,189.21071256894797,575.78,1431.71,80.59,402.81,339.0,63.6,0.9537475464431572,30.774326438057102
265,2016,NHS East Berkshire CCG,Outer,15803.713433617613,East Berkshire,51.4541,-0.6802600000000001,34.85,3.0677438978732203,117.37,164.08,5.2806017779804,1.4139503077273798,576.8290000000002,2.45908365625712,3.0641936520404203,49.711065263034,227.34,,6.56754714328395,229.06599999999997,0.645771597902895,11.755641668566199,186.33808239131199,465.33,1495.41,70.37,670.74,,,1.32619101891953,32.1739145921297
266,2016,NHS Guildford and Waverley CCG,Outer,33590.833861625535,No Pollution Readings,51.1811,-0.59422,20.47,0.0,67.18,133.5,5.664782556489952,2.0883827041354097,471.27099999999996,2.44548903109894,3.39285515118393,26.84,126.04,1.20117582705914,4.567024165455191,101.816,0.550112735309944,12.572544171339901,159.5,426.72,1249.76,94.61,760.92,246.0,28.3,1.4253123012678799,22.4
267,2016,NHS Hammersmith And Fulham CCG,Outer,16573.145489786915,Hammersmith and Fulham,51.4873,-0.21735,30.399999999999995,0.0,112.2,116.73,4.3232934429044105,0.981406636443364,406.275,1.6514544771167499,1.8923139140398602,62.1106482125424,387.09,1.18325622833597,4.55730976915933,227.563,0.410659514540131,9.26744838914745,188.737859088098,603.57,1625.55,132.63,405.15,117.0,52.4,1.00553578306041,43.88802815183461
268,2016,NHS Harrow CCG,Outer,16107.86486926796,No Pollution Readings,51.5946,-0.33603,29.83,2.98611632881545,146.97,175.01,5.22725545337083,1.3186896708976201,700.835,2.7589876111575604,2.6258928181248797,29.9382623152126,132.45,0.8801398495097671,9.39821196109962,178.84099999999995,0.6221023029566011,13.1553545641104,139.983133193113,498.67,1253.86,90.72,383.72,276.0,59.1,1.32363000684046,21.6122575828517
269,2016,NHS Herts Valleys CCG,Outer,29114.522131028312,Watford,51.7317,-0.45521000000000006,27.72,2.00492154631947,99.37,137.95,5.428798178545411,1.7734643513319999,505.173,2.5139738554173796,3.4220524704030297,35.779391138764296,173.25,1.3491623452159598,5.5627915788476585,161.707,0.6277557498978851,12.4692295626055,171.96337875517395,462.16,1255.93,101.07,481.89,736.0,33.8,1.5089744844156,27.7921266430516
270,2016,NHS Hillingdon CCG,Inner,7458.185529065558,Hillingdon,51.5366,-0.4418,38.07,2.39846220618886,94.93,165.71,4.99571378472808,1.37223831356912,721.185,2.2762400800093503,2.5811348606271003,49.6692386960831,231.8,1.27612318322921,7.28106790097946,160.373,0.503305581171825,12.469964021768801,201.38205259658298,496.72,1409.11,71.79,355.68,336.0,55.9,1.1692925147095101,28.1630532883202
271,2016,NHS Hounslow CCG,Inner,5336.9847118736625,Hounslow,51.4624,-0.37847,45.20000000000001,2.98814292806068,134.71,172.29,4.49417080182671,1.01901579409658,777.806,2.3414027024661896,2.53544052552465,53.078344947652596,276.53,1.03651797376618,7.6665395607054005,224.271,0.528630648909517,11.6885389893464,204.58736388142103,533.98,1578.1,83.37,602.09,224.0,53.1,1.0310080283146401,29.4769528809636
272,2016,NHS Kingston CCG,Inner,14640.309417301552,South West London,51.3929,-0.28371999999999997,27.35,0.0,84.57,154.99,4.66056354773511,1.23350374509571,521.582,2.06871953394365,2.25222118417175,42.5,152.18,1.13095945785281,5.05221196758958,172.315,0.478540007133516,10.283160940038801,165.15,494.28,1254.75,98.19,601.68,157.0,33.3,1.03931359727341,23.76
273,2016,NHS Merton CCG,Outer,19616.70838254888,South West London,51.4106,-0.18867,32.21,2.72,101.38,196.45,4.53019834681235,1.12607787477907,477.36800000000005,2.0017674468427,2.8829391556173904,54.78,212.39,1.09260350275829,6.133221147104193,196.512,0.47979933229785904,10.644850302608301,171.07,472.84,1390.02,160.49,449.1,209.0,52.9,1.02565475871673,26.28
274,2016,NHS North West Surrey CCG,Inner,12083.807829583408,Surrey Heartlands,51.3683,-0.5151899999999999,28.19,1.61,65.58,189.1,4.87478768938107,1.8357225354983402,520.986,2.53875942659148,3.5528290533857994,36.23,192.85,1.35145050614852,5.76633641740413,139.35,0.558733609620219,12.7288538623548,184.54,509.71,1257.73,97.57,428.92,388.0,29.7,1.5310822746110502,28.25
275,2016,NHS Oxfordshire CCG,Outer,66982.40788744198,Oxford,51.7715,-1.29146,25.14,2.66253790353106,66.92,166.49,5.7821037362529015,1.81313119552696,350.921,2.4337625656963904,3.40346227826459,36.9500109534326,164.67,1.35563643137647,4.96540777710005,122.949,0.652957347516584,12.3115402369385,164.426961889102,507.59,1299.05,103.6,574.47,642.0,40.7,1.7090305905106802,26.330805828105397
276,2016,NHS Richmond CCG,Inner,11948.414951951743,South West London,51.4403,-0.28911,25.48,0.0,60.18,124.07,4.37691806937599,1.39449455965777,444.983,1.8194922347251896,2.21813440965835,33.64,161.2,0.9904212777829442,3.62646792603651,134.215,0.46731144796800894,9.7661117827583,142.49,453.6,1204.08,112.15,618.56,177.0,50.0,1.04947456523761,21.21
277,2016,NHS Surrey Heath CCG,Outer,23497.239588936216,No Pollution Readings,51.3281,-0.70434,22.62,,76.3,120.01,5.80613655019066,1.9617011107301296,596.06,2.7503298941221703,3.4338698482130003,33.3930750620859,183.75,1.2302193406273705,5.6074042520233895,103.546,0.52367444905084,13.6550190663217,171.563549175234,571.32,1334.81,,348.61,89.0,28.6,1.5762185301788203,20.652265935794002
278,2016,NHS Sutton CCG,Outer,23268.289513397358,South West London,51.3576,-0.17227,26.8,3.02,97.27,152.91,5.44502726672524,1.5247531958473501,590.399,2.4979335513285097,3.5128900128463,49.45,220.53,1.4758862335528895,6.573585055696549,142.363,0.571327569804376,12.347225760167198,183.91,492.01,1312.27,133.69,515.91,244.0,48.3,1.3074511720273,34.08
279,2016,NHS Wandsworth CCG,Outer,17762.401872896982,South West London,51.4524,-0.20027999999999999,39.33,2.16,113.05,156.57,4.13065334268646,0.836209756455808,446.284,1.3599171387546,1.43874652689682,51.81,244.18,0.865839236015265,4.3429734834547595,217.208,0.319593189778083,8.22585260726758,170.28,445.6,1418.46,158.07,491.53,254.0,48.1,0.799489461275283,28.31
280,2017,NHS Berkshire West CCG,Outer,49791.74229301535,Reading,51.4458,-1.16963,25.88,3.16776307670514,84.85,127.99,5.949454657854838,1.6008846170829698,323.135,2.13831525338907,3.7652373792526097,38.542590828883206,176.48,1.19151003105727,5.1273120650642,108.295,0.639360308512048,12.1745242055373,177.15123392900398,416.39,1230.31,101.77,484.39,,,1.31110260675017,26.670539043480506
281,2017,NHS Brent CCG,Outer,16247.542448550688,No Pollution Readings,51.5644,-0.27568000000000004,40.59,3.4774666565618397,150.31,216.85,4.3285323188322,0.853095261866353,551.0409999999998,2.1018669833479597,2.42804977817981,35.059452229282606,192.55,0.7942429863326099,8.90946799154667,258.738,0.592989222677043,12.3095839879773,139.35020642994,523.69,1399.07,73.72,365.82,377.0,53.2,1.0992764322909798,25.218601983814203
282,2017,NHS Buckinghamshire CCG,Outer,38818.06152693847,No Pollution Readings,51.7414,-0.8064399999999999,23.33,2.06511120997509,73.51,148.3,,,471.98699999999997,,,37.4999686741073,135.15,,,124.616,,,148.297996712286,443.11,1316.33,124.07,830.1,,,,18.7265139559745
283,2017,NHS Croydon CCG,Outer,28645.84070326317,No Pollution Readings,51.36600000000001,-0.07761,32.86,,109.79,278.45,4.734127742106111,1.1950415570803798,510.38800000000003,2.2056842837342097,3.01262656568783,,213.18,1.20214323846467,7.03118195279157,168.81900000000005,0.518667626618081,12.467858769597001,,490.52,1508.01,198.81,497.56,424.0,32.5,1.23471301860641,
284,2017,NHS Ealing CCG,Inner,11465.530928651922,Ealing,51.5244,-0.31405,42.33,5.43629827695625,167.12,163.67,5.07108602567308,1.11508390650909,717.303,2.42969948695132,2.72779593971212,41.5589344184244,203.1,0.908213136523241,8.24138746460108,217.7,0.5426344143974721,12.4711883143243,181.608593758601,539.9,1444.63,66.14,408.66,419.0,46.2,0.966008517938356,30.2634947272868
285,2017,NHS East Berkshire CCG,Outer,15803.713433617613,East Berkshire,51.4541,-0.6802600000000001,34.69,2.60721743506544,91.59,202.59,5.32411691068416,1.53311925107495,553.992,2.50019049692483,3.4400494718090098,44.03678219548921,186.15,1.10945409024111,6.667187940697629,162.965,0.740434332988625,12.6877483263484,173.5936459806,459.12,1508.43,78.82,738.63,,,1.3345670277036998,30.676721468310298
286,2017,NHS Guildford and Waverley CCG,Outer,33590.833861625535,No Pollution Readings,51.1811,-0.59422,19.35,,75.1,122.67,5.688221208110732,2.22775016266604,460.195,2.44729398954511,3.58545651969176,,133.6,1.21280259203357,4.666074183927719,105.056,0.590466663420723,12.698574293011301,,395.02,1310.43,133.45,759.96,204.0,35.5,1.46465831278799,
287,2017,NHS Hammersmith And Fulham CCG,Outer,16573.145489786915,Hammersmith and Fulham,51.4873,-0.21735,33.06,0.0,107.57,180.86,4.16868072339362,0.939661638469872,423.788,1.51262605217101,1.6827874040667798,66.3336382841871,311.69,1.08759063255271,4.240906216760701,228.94400000000002,0.382115176264689,8.56946412201017,178.40570710959702,545.2,1428.08,128.76,320.81,142.0,35.3,0.9275772981081758,41.914319048660396
288,2017,NHS Harrow CCG,Outer,16107.86486926796,No Pollution Readings,51.5946,-0.33603,30.56,2.844983017396689,138.16,174.88,5.1106060265094415,1.3551019795815802,608.854,2.7387087337128997,2.6876804274244903,31.1481667019314,141.85,0.8735213148202321,9.58122276720593,200.608,0.6837395263706669,13.199210867820401,129.262312978043,435.2,1258.62,88.55,280.34,320.0,63.1,1.32472189091673,23.1953879981933
289,2017,NHS Herts Valleys CCG,Outer,29114.522131028312,Watford,51.7317,-0.45521000000000006,27.73,1.7068943864978998,92.99,113.23,5.3503806212296,1.8571837901046202,459.407,2.52859499268185,3.49009204309318,39.8073792481571,176.49,1.38680874460819,5.7661180089408495,166.611,0.6687782174690821,12.634611363654,164.83590503972098,401.27,1194.39,99.95,419.09,709.0,41.3,1.51536037047649,26.0100709288979
290,2017,NHS Hillingdon CCG,Inner,7458.185529065558,Hillingdon,51.5366,-0.4418,38.36,2.9918593346074402,118.38,177.77,4.95808490608329,1.4995292957367599,693.303,2.28275557320252,2.55414759867171,53.8473285118419,231.9,1.27122171771833,7.43389356997121,204.834,0.534105245630776,12.518812160180302,201.246746609023,487.8,1388.93,48.96,360.67,362.0,47.3,1.16971610448994,30.3875285161779
291,2017,NHS Hounslow CCG,Inner,5336.9847118736625,Hounslow,51.4624,-0.37847,46.70000000000001,3.53838643344234,138.51,155.62,4.50152110533654,1.05463303333756,706.576,2.31461528710863,2.42382665032109,54.9549338596499,262.59,1.06065407529471,7.94343988482654,234.55599999999998,0.5374572189124099,11.743883888959301,191.336635022544,443.52,1453.29,71.21,447.13,255.0,42.1,1.04195715553302,27.136209739868196
292,2017,NHS Kingston CCG,Inner,14640.309417301552,South West London,51.3929,-0.28371999999999997,27.85,,65.99,186.37,4.61302828698607,1.29038433925238,622.2180000000002,2.06097736083856,2.3069523181452403,,139.04,1.14775283587805,5.1546022167119805,205.764,0.548030440817499,10.4221509596516,,550.1,1435.78,132.88,762.39,162.0,31.3,1.0572919159527099,
293,2017,NHS Merton CCG,Outer,19616.70838254888,South West London,51.4106,-0.18867,30.39,,85.6,164.76,4.47365397024636,1.1385232787349,459.119,1.99285771110856,2.77142102096699,,215.37,1.09565186645334,6.19745215855704,187.905,0.4976619611240271,10.727134510161001,,460.18,1415.47,142.91,555.34,219.0,39.0,1.0346595479496898,
294,2017,NHS North West Surrey CCG,Inner,12083.807829583408,Surrey Heartlands,51.3683,-0.5151899999999999,27.21,,55.66,163.15,4.96097909449933,1.9158658058254998,483.316,2.5490962515669002,3.81269410937044,,149.48,1.3575770646035201,5.87928588598959,130.347,0.633230445741397,12.899138709547,,485.43,1171.51,77.64,427.98,444.0,28.4,1.55760132630643,
295,2017,NHS Oxfordshire CCG,Outer,66982.40788744198,Oxford,51.7715,-1.29146,25.179999999999996,2.93643199798837,73.09,161.45,5.7241081552199296,1.8863813355176398,344.934,2.38565032071845,3.3002106588699403,37.179049583853,167.1,1.3776972563071002,4.96859559777281,144.99200000000005,0.7025005144676371,12.403713851082802,157.56924591888398,437.65,1320.87,89.63,609.93,654.0,47.9,1.72995627361339,24.6244372465379
296,2017,NHS Richmond CCG,Inner,11948.414951951743,South West London,51.4403,-0.28911,26.73,,72.45,152.46,4.32755254393017,1.4512461238084298,430.45300000000003,1.8100379005398,2.1258828441548503,,155.23,1.02997588147468,3.695079035086701,145.588,0.4754794992534741,9.73929022625474,,444.37,1222.15,131.33,506.33,144.0,33.3,1.09429194900655,
297,2017,NHS Surrey Heath CCG,Outer,23497.239588936216,No Pollution Readings,51.3281,-0.70434,16.08,,74.8,119.47,5.82316442605998,2.04033092037229,503.606,2.74146845915202,3.3200686641697903,35.0464882661282,155.53,1.26783867631851,5.72279107963148,111.788,0.549120992761117,13.758014477766302,149.146323089438,497.6,1284.97,90.01,438.6,116.0,38.1,1.5915201654601898,17.639180647842696
298,2017,NHS Sutton CCG,Outer,23268.289513397358,South West London,51.3576,-0.17227,22.89,,119.72,137.88,5.39274660414803,1.5495984617124798,496.059,2.48892042241211,3.49802305877662,,240.42,1.47761976740599,6.68829041347225,150.028,0.652949584065974,12.401414895476696,,504.3,1401.12,116.82,374.06,222.0,41.4,1.30384263400891,
299,2017,NHS Wandsworth CCG,Outer,17762.401872896982,South West London,51.4524,-0.20027999999999999,38.92,,98.07,140.69,4.0529270726295294,0.8731825244357081,457.509,1.3435295636073,1.41600469480728,,241.28,0.865239988681886,4.33591009133598,219.358,0.328374212572041,8.16219650826272,,447.65,1481.6,196.73,479.47,243.0,41.0,0.812620689312822,
300,2018,NHS Berkshire West CCG,Outer,49791.74229301535,Reading,51.4458,-1.16963,,,72.82,130.88,5.94079262834129,1.68028311020112,306.72,2.14356429325462,3.9261643255599803,,178.84,1.24198009404189,5.34660337596095,102.62,0.702670475989053,12.2329204946771,,366.0,1139.2,96.9,544.19,619.0,34.7,1.31764388426904,
301,2018,NHS Brent CCG,Outer,16247.542448550688,No Pollution Readings,51.5644,-0.27568000000000004,,,190.25,202.11,4.415984234280232,0.8686972859272571,607.41,2.0779300345130403,2.5155491456018098,,200.71,0.795178385443258,9.047327070499767,291.95,0.6187840790736621,12.353217472992,,485.77,1503.38,107.27,448.48,446.0,49.4,1.10508097290012,
302,2018,NHS Buckinghamshire CCG,Outer,38818.06152693847,No Pollution Readings,51.7414,-0.8064399999999999,,,78.62,135.65,6.09969148422109,2.19005492395077,456.66,2.94497161761036,3.10993441187347,,135.24,1.3609740814885198,6.088336891999153,136.78,0.71013499999115,13.943390983126301,,408.29,1391.06,128.23,1064.58,595.0,45.2,1.69090719215241,
303,2018,NHS Croydon CCG,Outer,28645.84070326317,No Pollution Readings,51.36600000000001,-0.07761,,,87.83,235.65,4.87121210295319,1.2267809412711799,536.12,2.1744631929564897,2.91643890076032,,186.54,1.22750399487114,7.14482437833173,172.38,0.543254271439142,12.4035024716382,,489.92,1411.49,171.7,470.25,464.0,34.8,1.24871356713673,
304,2018,NHS Ealing CCG,Inner,11465.530928651922,Ealing,51.5244,-0.31405,,,152.31,162.89,5.13811818618075,1.1481123509943505,731.33,2.4379363716856,2.62645942267746,,170.1,0.927096217492492,8.58953449918172,214.29,0.609427768728357,12.465895701112304,,514.54,1407.0,94.88,473.48,389.0,41.3,0.9890528298401072,
305,2018,NHS East Berkshire CCG,Outer,15803.713433617613,East Berkshire,51.4541,-0.6802600000000001,,,114.44,156.01,5.44892770166611,1.58371865981483,504.5,2.49906126959264,3.55160032970564,,167.72,1.12819302442845,6.83030861734476,170.67,0.798832755790626,12.6068811620946,,485.91,1545.38,96.76,815.22,476.0,32.9,1.32366351610861,
306,2018,NHS Guildford and Waverley CCG,Outer,33590.833861625535,No Pollution Readings,51.1811,-0.59422,,,83.86,102.84,5.839351692636,2.31034452351349,461.14,2.47303863213495,3.4361194654680496,,128.87,1.18912198089998,4.802520279356268,114.63,0.6917806407237901,12.8396074177932,,384.87,1290.14,70.85,933.55,209.0,38.9,1.45586977416823,
307,2018,NHS Hammersmith And Fulham CCG,Outer,16573.145489786915,Hammersmith and Fulham,51.4873,-0.21735,,,98.56,163.89,4.02662192642304,0.9025825638974381,376.2,1.3655403828846395,1.45816516375221,,319.27,1.0114702429232298,3.88763717670844,246.66,0.38925493420443497,7.865838527720059,,576.48,1549.62,167.43,472.59,198.0,41.0,0.8829531523723809,
308,2018,NHS Harrow CCG,Outer,16107.86486926796,No Pollution Readings,51.5946,-0.33603,,,150.76,156.73,5.3207533289193,1.39042154049879,648.76,2.7481056426101698,2.94520869524391,,171.45,0.8978886191422059,9.78901507961127,241.86,0.738615463841683,13.3484146251747,,406.19,1338.63,59.33,368.51,312.0,56.4,1.33414257338336,
309,2018,NHS Herts Valleys CCG,Outer,29114.522131028312,Watford,51.7317,-0.45521000000000006,,,86.81,92.46,5.53852896376503,1.92208086745718,452.66,2.5696702596180696,3.47246081486133,,169.2,1.43186826321613,6.02712273328664,149.26,0.75010650133165,12.671206637101701,,396.23,1213.96,162.34,509.0,709.0,37.4,1.5159966532531202,
310,2018,NHS Hillingdon CCG,Inner,7458.185529065558,Hillingdon,51.5366,-0.4418,,,120.61,230.31,5.08445325811037,1.53719677311051,697.13,2.29026316532631,2.44635575118131,,220.52,1.27425109116183,7.66493533433862,180.13,0.593667339196792,12.4808203403233,,539.51,1443.21,84.81,411.07,331.0,52.5,1.18168668045197,
311,2018,NHS Hounslow CCG,Inner,5336.9847118736625,Hounslow,51.4624,-0.37847,,,134.57,172.94,4.51350408564575,1.07551113018192,724.15,2.30722450831792,2.32345791252446,,232.78,1.0998984376688201,8.2193919570334,223.16,0.588691080728162,11.7398646041384,,459.97,1513.96,118.71,581.24,248.0,40.0,1.061928326012,
312,2018,NHS Kingston CCG,Inner,14640.309417301552,South West London,51.3929,-0.28371999999999997,,,68.04,228.62,4.63921636697144,1.34405449402095,547.84,2.05619226781634,2.3669129978725003,,176.61,1.15827942259607,5.22438279371061,189.96,0.556856085306412,10.4207617716186,,545.06,1590.9,220.62,927.97,139.0,53.8,1.07665098212149,
313,2018,NHS Merton CCG,Outer,19616.70838254888,South West London,51.4106,-0.18867,,,93.74,193.75,4.5889392500761375,1.1994123864633899,465.47,1.97199878177681,2.61151634967164,,216.2,1.08475608663717,6.2954755827326,183.72,0.542825919489779,10.6263100378007,,450.49,1437.67,284.09,557.1,239.0,20.5,1.0319066984360201,
314,2018,NHS North West Surrey CCG,Inner,12083.807829583408,Surrey Heartlands,51.3683,-0.5151899999999999,,,55.4,150.19,5.0785174289239405,1.98525316641218,452.25,2.56617288490595,4.02499372102337,,145.66,1.3771528005393503,6.0486356813552105,138.24,0.715757047648741,12.8777643651054,,488.23,1204.16,89.37,498.95,462.0,30.2,1.5831394713630602,
315,2018,NHS Oxfordshire CCG,Outer,66982.40788744198,Oxford,51.7715,-1.29146,,,71.18,118.32,5.78456430660589,1.9693815709731,367.46,2.35263892914548,3.22551588601376,,156.98,1.4006218544965905,5.02747305961428,155.15,0.7599272746436191,12.4294484993808,,472.37,1355.67,151.02,783.13,676.0,34.9,1.7303891860557,
316,2018,NHS Richmond CCG,Inner,11948.414951951743,South West London,51.4403,-0.28911,,,78.49,120.77,4.40773598940474,1.5144505524410805,460.48,1.8514486837569601,2.20017981960034,,156.01,1.06723634318475,3.74651826549443,152.66,0.51343456884196,9.56385275494839,,406.7,1253.23,174.42,769.89,197.0,34.8,1.1130463179665802,
317,2018,NHS Surrey Heath CCG,Outer,23497.239588936216,No Pollution Readings,51.3281,-0.70434,,,79.1,71.97,5.9677983899195,2.13819514505137,457.9,2.7352838230146803,3.20316438515531,,170.8,1.2971236797133998,5.91400591655616,103.76,0.6228252589100041,13.768041343243599,,480.49,1235.11,151.67,561.8,106.0,25.0,1.61213943050094,
318,2018,NHS Sutton CCG,Outer,23268.289513397358,South West London,51.3576,-0.17227,,,101.75,199.2,5.702762713196571,1.54493830071524,507.78,2.49351568026409,3.51473202946406,,248.35,1.47174408551442,6.81775460845374,174.26,0.697555607954099,12.7608464984673,,477.87,1414.01,134.87,583.22,232.0,27.8,1.30226754696219,
319,2018,NHS Wandsworth CCG,Outer,17762.401872896982,South West London,51.4524,-0.20027999999999999,,,94.09,179.11,4.11805496417231,0.891495030353167,439.72,1.33651260964245,1.44192201010618,,259.4,0.869353641771798,4.34336083756852,235.68,0.35255903356488505,8.10885777199236,,461.51,1507.03,264.07,572.06,268.0,40.5,0.8326135354444699,
320,2019,NHS Berkshire West CCG,Outer,49791.74229301535,Reading,51.4458,-1.16963,,,,,6.35435867463921,1.77512026255451,303.32,2.16211841927797,3.9750104389373497,,,1.2471339297756598,5.523083744263671,134.01,0.7056602077057951,12.8290248617543,,,,,,,,1.35593220338983,
321,2019,NHS Brent CCG,Outer,16247.542448550688,No Pollution Readings,51.5644,-0.27568000000000004,,,,,4.605549111700031,0.8608549437066441,533.93,2.03440936061775,2.42273441592457,,,0.7863435521567321,9.26721949568455,276.29,0.593359048042462,12.144860080025197,,,,,,,,1.09705605491986,
322,2019,NHS Buckinghamshire CCG,Outer,38818.06152693847,No Pollution Readings,51.7414,-0.8064399999999999,,,,,6.57361612003415,2.311477967849,432.11,2.95965257700689,3.1293870830797004,,,1.33807644498055,6.176940543268019,139.81,0.7652913629900541,14.215834956545804,,,,,,,,1.69170592474021,
323,2019,NHS Croydon CCG,Outer,28645.84070326317,No Pollution Readings,51.36600000000001,-0.07761,,,,,5.21944308883382,1.2546373728424098,509.49,2.16600254907442,2.7805072448337,,,,7.246402877697839,183.7,0.5076827586860421,12.3819631663484,,,,,,,,1.2589016237319801,
324,2019,NHS Ealing CCG,Inner,11465.530928651922,Ealing,51.5244,-0.31405,,,,,5.40745511739711,1.17364132167093,663.66,2.4593929774966004,2.5327126986202697,,,0.936231202284413,8.952154502572661,238.12,0.6058354528048471,12.5025005001,,,,,,,,1.04108733834679,
325,2019,NHS East Berkshire CCG,Outer,15803.713433617613,East Berkshire,51.4541,-0.6802600000000001,,,,,5.81527140470703,1.65126556850141,464.52,2.51612357531031,3.4970321963396604,,,1.1300247404368702,6.93818559747968,187.1,0.7921168932777909,12.9872491594595,,,,,,,,1.3342919371550601,
326,2019,NHS Guildford and Waverley CCG,Outer,33590.833861625535,No Pollution Readings,51.1811,-0.59422,,,,,6.379772788532491,2.42544485636895,440.9,2.51779646412648,3.33390389213126,,,,4.9746970989993,158.33,0.640275022204155,13.0529497280267,,,,,,,,1.50590564228555,
327,2019,NHS Hammersmith And Fulham CCG,Outer,16573.145489786915,Hammersmith and Fulham,51.4873,-0.21735,,,,,4.32564468269972,0.8432925129920159,412.24,1.28067673240545,1.26201923076923,,,0.9177199626223381,3.61506900410295,220.42,0.35049754914015,7.45782717749471,,,,,,,,0.8291939212118229,
328,2019,NHS Harrow CCG,Outer,16107.86486926796,No Pollution Readings,51.5946,-0.33603,,,,,5.54435664981441,1.36470943331141,576.06,2.6999543659562795,2.91203430126293,,,0.882497727280894,9.98513726570864,208.49,0.6877445643386121,13.313283099952901,,,,,,,,1.32805846906766,
329,2019,NHS Herts Valleys CCG,Outer,29114.522131028312,Watford,51.7317,-0.45521000000000006,,,,,6.00223791217028,1.95582621809499,453.14,2.58737775139794,3.52076581431108,,,1.44873772971532,6.0367232235299095,166.81,0.6903005131450839,12.6758494754231,,,,,,,,1.50688104997146,
330,2019,NHS Hillingdon CCG,Inner,7458.185529065558,Hillingdon,51.5366,-0.4418,,,,,5.44401496873307,1.52272391550544,630.92,2.29393372396475,2.33152827918171,,,1.24359889704072,7.97605893905024,192.48,0.601642129105323,12.5,,,,,,,,1.1882047368161899,
331,2019,NHS Hounslow CCG,Inner,5336.9847118736625,Hounslow,51.4624,-0.37847,,,,,4.6840978262177195,1.08207922816895,666.79,2.2787421656020297,2.1381572637111796,,,1.06403454954467,8.59871767196489,219.9,0.5801364177704,11.6667869645242,,,,,,,,1.0790717817315698,
332,2019,NHS Kingston CCG,Inner,14640.309417301552,South West London,51.3929,-0.28371999999999997,,,,,5.03428489852683,1.42205193621029,546.34,2.0455811854423898,2.33573252844207,,,,5.29770195984019,180.44,0.5530713650869671,10.4130305639854,,,,,,,,1.0840382959323198,
333,2019,NHS Merton CCG,Outer,19616.70838254888,South West London,51.4106,-0.18867,,,,,4.9529973801818485,1.20115360059882,485.97,1.9307399335138602,2.52285660196661,,,,6.30016117586873,220.58,0.520881491755278,10.6919402065033,,,,,,,,1.03956145565022,
334,2019,NHS North West Surrey CCG,Inner,12083.807829583408,Surrey Heartlands,51.3683,-0.5151899999999999,,,,,5.42216686107578,2.06399138618094,377.09,2.5416572101149,3.7958049196912,,,,6.2876107808454,133.08,0.672426806289355,12.962689284979101,,,,,,,,1.5887006961781498,
335,2019,NHS Oxfordshire CCG,Outer,66982.40788744198,Oxford,51.7715,-1.29146,,,,,6.207185814211599,2.02165552486901,349.16,2.31525694964252,3.0931321790256203,,,1.39496167049531,5.047966891953751,163.18,0.7394884237152521,12.590274372144599,,,,,,,,1.7315386005213895,
336,2019,NHS Richmond CCG,Inner,11948.414951951743,South West London,51.4403,-0.28911,,,,,4.75434747423885,1.5627528908231003,400.68,1.8644235437984398,2.12264557624108,,,,3.83380601247873,142.02,0.499937058284029,9.472278669951633,,,,,,,,1.14733756541443,
337,2019,NHS Surrey Heath CCG,Outer,23497.239588936216,No Pollution Readings,51.3281,-0.70434,,,,,6.37015314434669,2.29614695340502,417.04,2.72584718149234,3.0019647368018196,,,1.3053926360378,6.15900045342335,125.17,0.6302948843271421,14.4081948517432,,,,,,,,1.6373411534701898,
338,2019,NHS Sutton CCG,Outer,23268.289513397358,South West London,51.3576,-0.17227,,,,,6.0630131014942,1.5779914271184001,550.49,2.4711210132468,3.48914418872699,,,,6.880045459318231,185.73,0.729421451577749,12.948441624488401,,,,,,,,1.3295231637323501,
339,2019,NHS Wandsworth CCG,Outer,17762.401872896982,South West London,51.4524,-0.20027999999999999,,,,,4.51229112975978,0.9093019193449201,424.86,1.33117015192521,1.58660637369076,,,,4.35400082221475,218.1,0.3455347293510689,8.13226992866766,,,,,,,,0.816457407580228,
